,model,displ,cyl,trans,drive,fuel,veh_class,air_pollution_score,city_mpg,hwy_mpg,cmb_mpg,greenhouse_gas_score,smartway
0,ACURA RDX,3.5,6,SemiAuto-6,2WD,Gasoline,small SUV,3,20,28,23,5,No
1,ACURA RDX,3.5,6,SemiAuto-6,4WD,Gasoline,small SUV,3,19,27,22,4,No
2,ACURA TLX,2.4,4,AMS-8,2WD,Gasoline,small car,3,23,33,27,6,No
3,ACURA TLX,3.5,6,SemiAuto-9,2WD,Gasoline,small car,3,20,32,24,5,No
4,ACURA TLX,3.5,6,SemiAuto-9,4WD,Gasoline,small car,3,21,30,24,5,No
5,ACURA TLX AWD A-SPEC,3.5,6,SemiAuto-9,4WD,Gasoline,small car,3,20,29,23,5,No
6,ACURA TLX FWD A-SPEC,3.5,6,SemiAuto-9,2WD,Gasoline,small car,3,20,30,23,5,No
7,ALFA ROMEO 4C,1.8,4,AutoMan-6,2WD,Gasoline,small car,1,24,34,28,6,No
8,ALFA ROMEO Giulia,2.9,6,Auto-8,2WD,Gasoline,midsize car,3,17,24,20,4,No
9,AUDI A3,2.0,4,AMS-6,4WD,Gasoline,small car,7,24,31,27,6,No
10,AUDI A3,2.0,4,AMS-7,2WD,Gasoline,small car,7,26,35,29,6,No
11,AUDI A3 Cabriolet,2.0,4,AMS-6,4WD,Gasoline,small car,7,22,30,25,5,No
12,AUDI A3 Cabriolet,2.0,4,AMS-7,2WD,Gasoline,small car,7,25,33,28,6,No
13,AUDI A4,2.0,4,AMS-7,4WD,Gasoline,small car,5,24,34,27,6,No
14,AUDI A4,2.0,4,Man-6,4WD,Gasoline,small car,3,24,33,27,6,No
15,AUDI A4 Ultra,2.0,4,AMS-7,2WD,Gasoline,small car,3,27,37,31,7,Yes
16,AUDI A5,2.0,4,AMS-7,4WD,Gasoline,small car,5,24,34,27,6,No
17,AUDI A5,2.0,4,Man-6,4WD,Gasoline,small car,3,24,33,27,6,No
18,AUDI A5 Cabriolet,2.0,4,AMS-7,4WD,Gasoline,small car,5,24,34,27,6,No
19,AUDI A5 Sportback quattro,2.0,4,AMS-7,4WD,Gasoline,midsize car,5,24,34,27,6,No
20,AUDI A6,2.0,4,AMS-7,2WD,Gasoline,midsize car,5,25,34,28,6,No
21,AUDI A6,2.0,4,SemiAuto-8,4WD,Gasoline,midsize car,5,22,31,26,5,No
22,AUDI A6,3.0,6,SemiAuto-8,4WD,Gasoline,midsize car,3,20,29,23,5,No
23,AUDI A7,3.0,6,SemiAuto-8,4WD,Gasoline,midsize car,3,20,29,23,5,No
24,AUDI A8 L,3.0,6,SemiAuto-8,4WD,Gasoline,large car,3,19,29,22,4,No
25,AUDI Q3,2.0,4,SemiAuto-6,2WD,Gasoline,small car,3,20,28,23,5,No
26,AUDI Q3,2.0,4,SemiAuto-6,4WD,Gasoline,small car,3,20,28,23,5,No
27,AUDI Q5,2.0,4,SemiAuto-7,4WD,Gasoline,small SUV,3,23,27,25,5,No
28,AUDI Q7,2.0,4,SemiAuto-8,4WD,Gasoline,standard SUV,3,19,25,21,4,No
29,AUDI Q7,3.0,6,SemiAuto-8,4WD,Gasoline,standard SUV,3,19,25,21,4,No
30,AUDI RS3,2.5,5,AMS-7,4WD,Gasoline,small car,3,19,28,22,4,No
31,AUDI S3,2.0,4,AMS-7,4WD,Gasoline,small car,3,22,28,25,5,No
32,AUDI S4,3.0,6,AMS-8,4WD,Gasoline,small car,5,21,30,24,5,No
33,AUDI S5,3.0,6,AMS-8,4WD,Gasoline,small car,5,21,30,24,5,No
34,AUDI S5 Cabriolet,3.0,6,AMS-8,4WD,Gasoline,small car,5,20,29,23,5,No
35,AUDI S5 Sportback,3.0,6,AMS-8,4WD,Gasoline,midsize car,5,21,30,24,5,No
36,AUDI SQ5,3.0,6,AMS-8,4WD,Gasoline,small SUV,5,19,24,21,4,No
37,AUDI TT Coupe,2.0,4,AMS-6,4WD,Gasoline,small car,7,23,30,26,5,No
38,AUDI TT RS,2.5,5,AMS-7,4WD,Gasoline,small car,3,19,29,22,4,No
39,AUDI TT Roadster,2.0,4,AMS-6,4WD,Gasoline,small car,7,23,30,26,5,No
40,AUDI TTS Coupe,2.0,4,AMS-6,4WD,Gasoline,small car,3,23,27,25,5,No
41,AUDI allroad quattro,2.0,4,AMS-7,4WD,Gasoline,station wagon,5,22,30,25,5,No
42,BENTLEY Bentayga,6.0,12,SemiAuto-8,4WD,Gasoline,standard SUV,3,12,19,15,2,No
43,BENTLEY Chiron,8.0,16,AMS-7,4WD,Gasoline,small car,1,9,14,11,1,No
44,BMW 230i Convertible,2.0,4,SemiAuto-8,2WD,Gasoline,small car,7,24,34,27,6,No
45,BMW 230i Coupe,2.0,4,Man-6,2WD,Gasoline,small car,7,21,32,25,5,No
46,BMW 230i Coupe,2.0,4,SemiAuto-8,2WD,Gasoline,small car,7,24,35,28,6,No
47,BMW 230i xDrive Convertible,2.0,4,SemiAuto-8,4WD,Gasoline,small car,7,23,33,27,6,No
48,BMW 230i xDrive Coupe,2.0,4,SemiAuto-8,4WD,Gasoline,small car,7,24,33,27,6,No
49,BMW 320i,2.0,4,Man-6,2WD,Gasoline,small car,3,23,35,27,6,No
50,BMW 320i,2.0,4,SemiAuto-8,2WD,Gasoline,small car,3,24,35,28,6,No
51,BMW 320i,2.0,4,SemiAuto-8,4WD,Gasoline,small car,3,23,34,27,6,No
52,BMW 330e,2.0,4,SemiAuto-8,2WD,Gasoline/Electricity,small car,3,28/66,34/78,30/71,10,Yes
53,BMW 330i,2.0,4,Man-6,2WD,Gasoline,small car,7,21,32,25,5,No
54,BMW 330i,2.0,4,SemiAuto-8,2WD,Gasoline,small car,7,24,34,27,6,No
55,BMW 330i,2.0,4,SemiAuto-8,4WD,Gasoline,small car,7,23,33,27,6,No
56,BMW 330i Gran Turismo,2.0,4,SemiAuto-8,4WD,Gasoline,large car,7,23,33,27,6,No
57,BMW 330i Sports Wagon,2.0,4,SemiAuto-8,4WD,Gasoline,station wagon,7,23,33,27,6,No
58,BMW 340i,3.0,6,Man-6,2WD,Gasoline,small car,3,19,29,23,5,No
59,BMW 340i,3.0,6,Man-6,4WD,Gasoline,small car,3,19,29,23,5,No
60,BMW 340i,3.0,6,SemiAuto-8,2WD,Gasoline,small car,3,21,32,25,5,No
61,BMW 340i,3.0,6,SemiAuto-8,4WD,Gasoline,small car,3,21,31,25,5,No
62,BMW 340i Gran Turismo,3.0,6,SemiAuto-8,4WD,Gasoline,large car,3,20,29,23,5,No
63,BMW 430i Convertible,2.0,4,SemiAuto-8,2WD,Gasoline,small car,7,24,34,27,6,No
64,BMW 430i Convertible,2.0,4,SemiAuto-8,4WD,Gasoline,small car,7,22,32,26,5,No
65,BMW 430i Coupe,2.0,4,Man-6,2WD,Gasoline,small car,7,21,33,25,5,No
66,BMW 430i Coupe,2.0,4,SemiAuto-8,2WD,Gasoline,small car,7,24,34,27,6,No
67,BMW 430i Coupe,2.0,4,SemiAuto-8,4WD,Gasoline,small car,7,23,33,27,6,No
68,BMW 430i Gran Coupe,2.0,4,SemiAuto-8,2WD,Gasoline,small car,7,24,34,27,6,No
69,BMW 430i Gran Coupe,2.0,4,SemiAuto-8,4WD,Gasoline,small car,7,23,33,27,6,No
70,BMW 440i Convertible,3.0,6,SemiAuto-8,2WD,Gasoline,small car,3,21,29,24,5,No
71,BMW 440i Convertible,3.0,6,SemiAuto-8,4WD,Gasoline,small car,3,20,29,23,5,No
72,BMW 440i Coupe,3.0,6,Man-6,2WD,Gasoline,small car,3,19,29,23,5,No
73,BMW 440i Coupe,3.0,6,Man-6,4WD,Gasoline,small car,3,19,29,23,5,No
74,BMW 440i Coupe,3.0,6,SemiAuto-8,2WD,Gasoline,small car,3,21,32,25,5,No
75,BMW 440i Coupe,3.0,6,SemiAuto-8,4WD,Gasoline,small car,3,21,31,25,5,No
76,BMW 440i Gran Coupe,3.0,6,SemiAuto-8,2WD,Gasoline,small car,3,21,32,25,5,No
77,BMW 440i Gran Coupe,3.0,6,SemiAuto-8,4WD,Gasoline,small car,3,21,31,25,5,No
78,BMW 530e,2.0,4,SemiAuto-8,2WD,Gasoline/Electricity,small car,7,27/70,31/75,29/72,10,Elite
79,BMW 530e,2.0,4,SemiAuto-8,4WD,Gasoline/Electricity,small car,7,27/66,31/68,28/67,10,Elite
80,BMW 530i,2.0,4,SemiAuto-8,2WD,Gasoline,midsize car,7,24,34,27,6,No
81,BMW 530i,2.0,4,SemiAuto-8,4WD,Gasoline,midsize car,7,23,33,27,6,No
82,BMW 540i,3.0,6,SemiAuto-8,2WD,Gasoline,midsize car,5,21,30,24,5,No
83,BMW 540i,3.0,6,SemiAuto-8,4WD,Gasoline,midsize car,5,20,29,23,5,No
84,BMW 640i Convertible,3.0,6,SemiAuto-8,2WD,Gasoline,small car,3,20,29,23,5,No
85,BMW 640i Convertible,3.0,6,SemiAuto-8,4WD,Gasoline,small car,3,19,28,22,4,No
86,BMW 640i Gran Coupe,3.0,6,SemiAuto-8,2WD,Gasoline,small car,3,20,29,23,5,No
87,BMW 640i Gran Coupe,3.0,6,SemiAuto-8,4WD,Gasoline,small car,3,19,28,22,4,No
88,BMW 650i Convertible,4.4,8,SemiAuto-8,2WD,Gasoline,small car,3,17,25,20,4,No
89,BMW 650i Convertible,4.4,8,SemiAuto-8,4WD,Gasoline,small car,3,16,25,19,3,No
90,BMW 650i Gran Coupe,4.4,8,SemiAuto-8,2WD,Gasoline,small car,3,17,25,20,4,No
91,BMW 650i Gran Coupe,4.4,8,SemiAuto-8,4WD,Gasoline,small car,3,16,25,19,3,No
92,BMW 740e,2.0,4,SemiAuto-8,4WD,Gasoline/Electricity,large car,3,25/62,29/68,27/64,9,Yes
93,BMW 740i,3.0,6,SemiAuto-8,2WD,Gasoline,large car,3,21,29,24,5,No
94,BMW 740i,3.0,6,SemiAuto-8,4WD,Gasoline,large car,3,20,29,23,5,No
95,BMW 750i,4.4,8,SemiAuto-8,2WD,Gasoline,large car,3,17,25,20,4,No
96,BMW 750i,4.4,8,SemiAuto-8,4WD,Gasoline,large car,3,16,25,19,3,No
97,BMW Alpina B6 Gran Coupe,4.4,8,SemiAuto-8,4WD,Gasoline,small car,3,16,25,19,3,No
98,BMW Alpina B7,4.4,8,SemiAuto-8,4WD,Gasoline,large car,3,16,25,19,3,No
99,BMW M2,3.0,6,AMS-7,2WD,Gasoline,small car,3,20,26,22,4,No
100,BMW M2,3.0,6,Man-6,2WD,Gasoline,small car,3,18,26,21,4,No
101,BMW M240i Convertible,3.0,6,Man-6,2WD,Gasoline,small car,3,18,27,22,4,No
102,BMW M240i Convertible,3.0,6,SemiAuto-8,2WD,Gasoline,small car,3,21,30,24,5,No
103,BMW M240i Convertible,3.0,6,SemiAuto-8,4WD,Gasoline,small car,3,21,30,24,5,No
104,BMW M240i Coupe,3.0,6,Man-6,2WD,Gasoline,small car,3,19,28,22,4,No
105,BMW M240i Coupe,3.0,6,SemiAuto-8,2WD,Gasoline,small car,3,21,30,24,5,No
106,BMW M240i Coupe,3.0,6,SemiAuto-8,4WD,Gasoline,small car,3,21,30,24,5,No
107,BMW M3,3.0,6,AMS-7,2WD,Gasoline,small car,3,17,24,20,4,No
108,BMW M3,3.0,6,Man-6,2WD,Gasoline,small car,3,17,25,20,4,No
109,BMW M4 Convertible,3.0,6,AMS-7,2WD,Gasoline,small car,3,16,22,19,3,No
110,BMW M4 Convertible,3.0,6,Man-6,2WD,Gasoline,small car,3,17,25,20,4,No
111,BMW M4 Coupe,3.0,6,AMS-7,2WD,Gasoline,small car,3,17,24,20,4,No
112,BMW M4 Coupe,3.0,6,Man-6,2WD,Gasoline,small car,3,17,25,20,4,No
113,BMW M4 DTM Champions Edition,3.0,6,AMS-7,2WD,Gasoline,small car,3,17,24,20,4,No
114,BMW M550i,4.4,8,SemiAuto-8,4WD,Gasoline,midsize car,3,16,25,19,3,No
115,BMW M6 Convertible,4.4,8,AMS-7,2WD,Gasoline,small car,1,14,20,16,2,No
116,BMW M6 Convertible,4.4,8,Man-6,2WD,Gasoline,small car,1,15,22,17,3,No
117,BMW M6 Gran Coupe,4.4,8,AMS-7,2WD,Gasoline,small car,1,14,20,16,2,No
118,BMW M6 Gran Coupe,4.4,8,Man-6,2WD,Gasoline,small car,1,15,22,17,3,No
119,BMW M760i xDrive,6.6,12,SemiAuto-8,4WD,Gasoline,large car,3,13,20,16,2,No
120,BMW X1 sDrive28i,2.0,4,SemiAuto-8,2WD,Gasoline,large car,7,23,32,26,5,No
121,BMW X1 xDrive28i,2.0,4,SemiAuto-8,4WD,Gasoline,large car,7,22,31,25,5,No
122,BMW X4 M40i,3.0,6,SemiAuto-8,4WD,Gasoline,small SUV,3,18,25,21,4,No
123,BMW X4 xDrive28i,2.0,4,SemiAuto-8,4WD,Gasoline,small SUV,3,20,28,23,5,No
124,BUICK Encore,1.4,4,SemiAuto-6,2WD,Gasoline,small SUV,3,27,33,30,7,Yes
125,BUICK Encore,1.4,4,SemiAuto-6,4WD,Gasoline,small SUV,3,26,31,28,6,No
126,BUICK Encore,1.4,4,SemiAuto-6,4WD,Gasoline,small SUV,3,24,30,27,6,No
127,BUICK Lacrosse,2.5,4,Auto-6,2WD,Gasoline,midsize car,5,25,35,29,6,No
128,BUICK Lacrosse,3.6,6,SemiAuto-9,2WD,Gasoline,midsize car,5,21,30,24,5,No
129,BUICK Lacrosse,3.6,6,SemiAuto-9,4WD,Gasoline,midsize car,5,20,29,23,5,No
130,CADILLAC ATS,2.0,4,Man-6,2WD,Gasoline,small car,5,20,29,23,5,No
131,CADILLAC ATS,2.0,4,SemiAuto-8,2WD,Gasoline,small car,5,22,31,25,5,No
132,CADILLAC ATS,2.0,4,SemiAuto-8,4WD,Gasoline,small car,5,22,30,25,5,No
133,CADILLAC ATS,3.6,6,SemiAuto-8,2WD,Gasoline,small car,5,20,30,24,5,No
134,CADILLAC ATS,3.6,6,SemiAuto-8,4WD,Gasoline,small car,5,19,27,22,4,No
135,CADILLAC ATS-V,3.6,6,Man-6,2WD,Gasoline,small car,3,16,23,19,3,No
136,CADILLAC ATS-V,3.6,6,SemiAuto-8,2WD,Gasoline,small car,3,17,25,20,4,No
137,CADILLAC CT6,2.0,4,SemiAuto-8,2WD,Gasoline,large car,5,22,30,25,5,No
138,CADILLAC CT6,3.0,6,SemiAuto-8,4WD,Gasoline,large car,3,18,26,21,4,No
139,CADILLAC CT6,3.6,6,SemiAuto-8,4WD,Gasoline,large car,5,18,27,21,4,No
140,CADILLAC CTS,2.0,4,SemiAuto-8,2WD,Gasoline,midsize car,5,22,30,25,5,No
141,CADILLAC CTS,2.0,4,SemiAuto-8,4WD,Gasoline,midsize car,5,21,29,24,5,No
142,CADILLAC CTS,3.6,6,SemiAuto-8,2WD,Gasoline,midsize car,3,16,24,19,3,No
143,CADILLAC CTS,3.6,6,SemiAuto-8,2WD,Gasoline,midsize car,5,20,30,24,5,No
144,CADILLAC CTS,3.6,6,SemiAuto-8,4WD,Gasoline,midsize car,5,19,27,22,4,No
145,CADILLAC CTS-V,6.2,8,SemiAuto-8,2WD,Gasoline,midsize car,1,14,21,17,3,No
146,CADILLAC Escalade,6.2,8,Auto-10,2WD,Gasoline,standard SUV,3,14,23,17,3,No
147,CADILLAC Escalade,6.2,8,Auto-10,4WD,Gasoline,standard SUV,3,14,21,17,3,No
148,CADILLAC XT5,3.6,6,SemiAuto-8,2WD,Gasoline,small SUV,5,19,26,22,4,No
149,CADILLAC XT5,3.6,6,SemiAuto-8,4WD,Gasoline,small SUV,5,18,25,21,4,No
150,CHEVROLET Camaro,2.0,4,Man-6,2WD,Gasoline,small car,5,20,30,23,5,No
151,CHEVROLET Camaro,2.0,4,SemiAuto-8,2WD,Gasoline,small car,5,22,31,25,5,No
152,CHEVROLET Camaro,3.6,6,Man-6,2WD,Gasoline,small car,5,16,28,20,4,No
153,CHEVROLET Camaro,3.6,6,SemiAuto-8,2WD,Gasoline,small car,5,19,29,23,5,No
154,CHEVROLET Camaro,6.2,8,Man-6,2WD,Gasoline,small car,1,14,20,16,2,No
155,CHEVROLET Camaro,6.2,8,Man-6,2WD,Gasoline,small car,1,16,25,19,3,No
156,CHEVROLET Camaro,6.2,8,SemiAuto-10,2WD,Gasoline,small car,1,13,21,15,2,No
157,CHEVROLET Camaro,6.2,8,SemiAuto-8,2WD,Gasoline,small car,1,17,27,20,4,No
158,CHEVROLET Colorado,2.5,4,Auto-6,2WD,Gasoline,pickup,5,20,26,22,4,No
159,CHEVROLET Colorado,2.5,4,Auto-6,4WD,Gasoline,pickup,5,19,24,21,4,No
160,CHEVROLET Colorado,2.5,4,Man-6,2WD,Gasoline,pickup,5,20,26,22,4,No
161,CHEVROLET Colorado,2.8,4,Auto-6,2WD,Diesel,pickup,3,22,30,25,4,No
162,CHEVROLET Colorado,2.8,4,Auto-6,4WD,Diesel,pickup,3,20,28,23,4,No
163,CHEVROLET Colorado,3.6,6,Auto-8,2WD,Gasoline,pickup,5,18,25,20,4,No
164,CHEVROLET Colorado,3.6,6,Auto-8,2WD,Gasoline,special purpose,5,15,15,15,2,No
165,CHEVROLET Colorado,3.6,6,Auto-8,4WD,Gasoline,pickup,5,17,24,19,3,No
166,CHEVROLET Colorado ZR2,2.8,4,Auto-6,4WD,Diesel,pickup,3,19,22,20,3,No
167,CHEVROLET Colorado ZR2,3.6,6,Auto-8,4WD,Gasoline,pickup,5,16,18,17,3,No
168,CHEVROLET Corvette,6.2,8,Man-7,2WD,Gasoline,small car,1,15,22,18,3,No
169,CHEVROLET Corvette,6.2,8,Man-7,2WD,Gasoline,small car,1,16,25,19,3,No
170,CHEVROLET Corvette,6.2,8,SemiAuto-8,2WD,Gasoline,small car,1,13,23,16,2,No
171,CHEVROLET Corvette,6.2,8,SemiAuto-8,2WD,Gasoline,small car,1,15,25,18,3,No
172,CHEVROLET Cruze,1.4,4,Man-6,2WD,Gasoline,small car,6,27,40,32,7,Yes
173,CHEVROLET Cruze,1.4,4,SemiAuto-6,2WD,Gasoline,small car,6,29,40,33,8,Yes
174,CHEVROLET Cruze,1.6,4,Auto-9,2WD,Diesel,small car,3,31,47,37,7,Yes
175,CHEVROLET Cruze,1.6,4,Man-6,2WD,Diesel,small car,3,30,52,37,7,Yes
176,CHEVROLET Cruze Hatchback,1.4,4,Man-6,2WD,Gasoline,midsize car,6,27,38,31,7,Yes
177,CHEVROLET Cruze Hatchback,1.4,4,SemiAuto-6,2WD,Gasoline,midsize car,6,29,38,32,7,Yes
178,CHEVROLET Cruze Hatchback,1.6,4,Auto-9,2WD,Diesel,midsize car,3,30,45,35,7,Yes
179,CHEVROLET Cruze Hatchback,1.6,4,Man-6,2WD,Diesel,midsize car,3,29,48,35,7,Yes
180,CHEVROLET Cruze Premier,1.4,4,SemiAuto-6,2WD,Gasoline,small car,6,29,39,33,8,Yes
181,CHEVROLET Cruze Premier Hatchback,1.4,4,SemiAuto-6,2WD,Gasoline,midsize car,6,28,37,31,7,Yes
182,CHEVROLET Equinox,1.5,4,Auto-6,2WD,Gasoline,small SUV,5,26,32,28,6,No
183,CHEVROLET Equinox,1.5,4,Auto-6,4WD,Gasoline,small SUV,5,24,30,26,5,No
184,CHEVROLET Equinox,1.6,4,Auto-6,2WD,Diesel,small SUV,3,28,39,32,6,No
185,CHEVROLET Equinox,1.6,4,Auto-6,4WD,Diesel,small SUV,3,28,38,32,6,No
186,CHEVROLET Equinox,2.0,4,Auto-9,2WD,Gasoline,small SUV,5,22,29,25,5,No
187,CHEVROLET Equinox,2.0,4,Auto-9,4WD,Gasoline,small SUV,5,22,28,24,5,No
188,CHEVROLET Impala,2.5,4,SemiAuto-6,2WD,Gasoline,large car,3,22,30,25,5,No
189,CHEVROLET Impala,3.6,6,SemiAuto-6,2WD,Ethanol/Gas,large car,5,14/18,20/28,16/22,4,No
190,CHEVROLET Impala,3.6,6,SemiAuto-6,2WD,Gasoline,large car,7,19,28,22,4,No
191,CHEVROLET Malibu,1.5,4,Auto-6,2WD,Gasoline,midsize car,6,27,36,30,7,Yes
192,CHEVROLET Malibu,1.5,4,Auto-6,2WD,Gasoline,midsize car,7,27,36,30,7,Yes
193,CHEVROLET Malibu,1.8,4,CVT,2WD,Gasoline,midsize car,3,49,43,46,10,Yes
194,CHEVROLET Malibu,2.0,4,Auto-9,2WD,Gasoline,midsize car,5,22,32,26,5,No
195,CHEVROLET Silverado 15,4.3,6,Auto-6,2WD,Ethanol/Gas,pickup,5,12/18,16/24,14/20,4,No
196,CHEVROLET Silverado 15,4.3,6,Auto-6,4WD,Ethanol/Gas,pickup,5,12/17,15/22,13/19,3,No
197,CHEVROLET Silverado 15,5.3,8,Auto-6,2WD,Ethanol/Gas,pickup,3,12/16,17/23,14/19,3,No
198,CHEVROLET Silverado 15,5.3,8,Auto-6,2WD,Gasoline,pickup,3,16,23,19,3,No
199,CHEVROLET Silverado 15,5.3,8,Auto-6,2WD,Gasoline,special purpose,3,15,20,17,3,No
200,CHEVROLET Silverado 15,5.3,8,Auto-6,4WD,Gasoline,pickup,3,16,22,18,3,No
201,CHEVROLET Silverado 15,5.3,8,Auto-6,4WD,Gasoline,special purpose,3,15,19,17,3,No
202,CHEVROLET Silverado 15,5.3,8,Auto-8,2WD,Gasoline,pickup,3,18,24,20,4,No
203,CHEVROLET Silverado 15,5.3,8,Auto-8,2WD,Gasoline,pickup,3,16,22,18,3,No
204,CHEVROLET Silverado 15,5.3,8,Auto-8,4WD,Gasoline,pickup,3,16,21,18,3,No
205,CHEVROLET Silverado 15,5.3,8,Auto-8,4WD,Gasoline,pickup,3,15,20,17,3,No
206,CHEVROLET Silverado 15,6.2,8,Auto-8,2WD,Gasoline,pickup,3,15,21,17,3,No
207,CHEVROLET Silverado 15,6.2,8,Auto-8,4WD,Gasoline,pickup,3,15,20,17,3,No
208,CHEVROLET Sonic,1.4,4,Man-6,2WD,Gasoline,small car,3,28,37,32,7,Yes
209,CHEVROLET Sonic,1.4,4,SemiAuto-6,2WD,Gasoline,small car,3,27,35,30,7,Yes
210,CHEVROLET Sonic 5,1.4,4,Man-6,2WD,Gasoline,station wagon,3,28,37,32,7,Yes
211,CHEVROLET Sonic 5,1.4,4,SemiAuto-6,2WD,Gasoline,station wagon,3,27,35,30,7,Yes
212,CHEVROLET Suburban 1500,5.3,8,Auto-6,2WD,Ethanol/Gas,standard SUV,3,12/16,17/23,14/19,3,No
213,CHEVROLET Suburban 1500,5.3,8,Auto-6,2WD,Gasoline,standard SUV,3,16,23,19,3,No
214,CHEVROLET Suburban 1500,5.3,8,Auto-6,4WD,Ethanol/Gas,standard SUV,3,11/16,15/22,12/18,3,No
215,CHEVROLET Suburban 1500,5.3,8,Auto-6,4WD,Gasoline,standard SUV,3,15,22,18,3,No
216,CHEVROLET Tahoe 1500,5.3,8,Auto-6,2WD,Ethanol/Gas,standard SUV,3,12/16,17/23,14/19,3,No
217,CHEVROLET Tahoe 1500,5.3,8,Auto-6,2WD,Gasoline,standard SUV,3,16,23,19,3,No
218,CHEVROLET Tahoe 1500,5.3,8,Auto-6,4WD,Ethanol/Gas,standard SUV,3,11/16,16/22,13/18,3,No
219,CHEVROLET Tahoe 1500,5.3,8,Auto-6,4WD,Gasoline,standard SUV,3,16,22,18,3,No
220,CHEVROLET Tahoe 1500,6.2,8,Auto-10,2WD,Gasoline,standard SUV,3,14,23,17,3,No
221,CHEVROLET Tahoe 1500,6.2,8,Auto-10,4WD,Gasoline,standard SUV,3,14,22,17,3,No
222,CHEVROLET Traverse,3.6,6,SemiAuto-9,2WD,Gasoline,standard SUV,5,18,27,21,4,No
223,CHEVROLET Traverse,3.6,6,SemiAuto-9,4WD,Gasoline,standard SUV,5,17,25,20,4,No
224,CHEVROLET Trax,1.4,4,SemiAuto-6,4WD,Gasoline,small SUV,3,24,30,27,6,No
225,CHEVROLET Volt,1.5,4,CVT,2WD,Gasoline/Electricity,small car,3,43/113,42/99,42/106,10,Yes
226,CHEVROLET Volt,1.5,4,CVT,2WD,Gasoline/Electricity,small car,7,43/113,42/99,42/106,10,Elite
227,CHRYSLER 300,3.6,6,Auto-8,2WD,Ethanol/Gas,large car,3,14/19,22/30,17/23,5,No
228,CHRYSLER 300,3.6,6,Auto-8,2WD,Gasoline,large car,3,19,30,23,5,No
229,CHRYSLER 300,3.6,6,Auto-8,4WD,Ethanol/Gas,large car,3,13/18,20/27,16/21,4,No
230,CHRYSLER 300,3.6,6,Auto-8,4WD,Gasoline,large car,3,18,27,21,4,No
231,CHRYSLER 300,5.7,8,Auto-8,2WD,Gasoline,large car,3,16,25,19,3,No
232,CHRYSLER Pacifica,3.6,6,Auto-9,2WD,Gasoline,minivan,3,18,28,22,4,No
233,CHRYSLER Pacifica,3.6,6,Auto-9,2WD,Gasoline,minivan,3,19,28,22,4,No
234,DODGE Challenger,3.6,6,Auto-8,2WD,Gasoline,midsize car,3,19,30,23,5,No
235,DODGE Challenger,5.7,8,Auto-8,2WD,Gasoline,midsize car,3,16,25,19,3,No
236,DODGE Challenger,5.7,8,Man-6,2WD,Gasoline,midsize car,1,15,23,18,3,No
237,DODGE Challenger,6.4,8,Auto-8,2WD,Gasoline,midsize car,1,15,25,18,3,No
238,DODGE Challenger,6.4,8,Man-6,2WD,Gasoline,midsize car,1,14,23,17,3,No
239,DODGE Challenger GT,3.6,6,Auto-8,4WD,Gasoline,midsize car,3,18,27,21,4,No
240,DODGE Challenger SRT,6.2,8,Auto-8,2WD,Gasoline,midsize car,1,13,22,16,2,No
241,DODGE Challenger SRT,6.2,8,Man-6,2WD,Gasoline,midsize car,1,13,21,16,2,No
242,DODGE Challenger SRT,6.4,8,Auto-8,2WD,Gasoline,midsize car,1,15,25,18,3,No
243,DODGE Challenger SRT,6.4,8,Man-6,2WD,Gasoline,midsize car,1,14,23,17,3,No
244,DODGE Charger,3.6,6,Auto-8,2WD,Ethanol/Gas,large car,3,14/19,22/30,17/23,5,No
245,DODGE Charger,3.6,6,Auto-8,2WD,Gasoline,large car,3,19,30,23,5,No
246,DODGE Charger,3.6,6,Auto-8,4WD,Ethanol/Gas,large car,3,13/18,20/27,16/21,4,No
247,DODGE Charger,3.6,6,Auto-8,4WD,Gasoline,large car,3,18,27,21,4,No
248,DODGE Charger,5.7,8,Auto-8,2WD,Gasoline,large car,3,16,25,19,3,No
249,DODGE Charger,6.4,8,Auto-8,2WD,Gasoline,large car,1,15,25,18,3,No
250,DODGE Charger SRT,6.2,8,Auto-8,2WD,Gasoline,large car,1,13,22,16,2,No
251,DODGE Charger SRT,6.4,8,Auto-8,2WD,Gasoline,large car,1,15,25,18,3,No
252,DODGE Durango,3.6,6,Auto-8,2WD,Gasoline,standard SUV,5,19,26,21,4,No
253,DODGE Durango,3.6,6,Auto-8,4WD,Gasoline,standard SUV,5,18,25,21,4,No
254,DODGE Durango,5.7,8,Auto-8,2WD,Gasoline,standard SUV,3,14,22,17,3,No
255,DODGE Durango,5.7,8,Auto-8,4WD,Gasoline,standard SUV,3,14,22,17,3,No
256,DODGE Durango  SRT,6.4,8,Auto-8,4WD,Gasoline,standard SUV,1,13,19,15,2,No
257,DODGE Journey,2.4,4,Auto-4,2WD,Gasoline,small SUV,3,19,25,21,4,No
258,DODGE Journey,3.6,6,Auto-6,4WD,Gasoline,small SUV,3,16,24,19,3,No
259,FERRARI 488 Spider,3.9,8,AutoMan-7,2WD,Gasoline,small car,3,15,22,18,3,No
260,FERRARI 488 Spider,3.9,8,AutoMan-7,2WD,Gasoline,small car,3,16,22,18,3,No
261,FERRARI 488 gtb,3.9,8,AutoMan-7,2WD,Gasoline,small car,3,15,22,18,3,No
262,FERRARI 488 gtb,3.9,8,AutoMan-7,2WD,Gasoline,small car,3,16,22,18,3,No
263,FERRARI 812 Superfast,6.5,12,AutoMan-7,2WD,Gasoline,small car,3,12,16,13,1,No
264,FERRARI California T,3.9,8,AutoMan-7,2WD,Gasoline,small car,3,16,23,18,3,No
265,FERRARI California T,3.9,8,AutoMan-7,2WD,Gasoline,small car,3,16,23,19,3,No
266,FERRARI GTC4Lusso,6.3,12,AutoMan-7,4WD,Gasoline,small car,3,12,17,13,1,No
267,FERRARI GTC4Lusso T,3.9,8,AutoMan-7,2WD,Gasoline,small car,3,15,21,17,3,No
268,FIAT 500L,1.4,4,Auto-6,2WD,Gasoline,station wagon,3,22,30,25,5,No
269,FORD F150,2.7,6,SemiAuto-10,2WD,Gasoline,pickup,5,19,25,21,4,No
270,FORD F150,2.7,6,SemiAuto-10,2WD,Gasoline,pickup,5,20,25,22,4,No
271,FORD F150,2.7,6,SemiAuto-10,2WD,Gasoline,pickup,5,20,26,22,4,No
272,FORD F150,2.7,6,SemiAuto-10,4WD,Gasoline,pickup,5,18,23,20,4,No
273,FORD F150,2.7,6,SemiAuto-10,4WD,Gasoline,pickup,5,18,24,21,4,No
274,FORD F150,2.7,6,SemiAuto-10,4WD,Gasoline,pickup,5,19,24,21,4,No
275,FORD F150,3.3,6,SemiAuto-6,2WD,Gasoline,pickup,5,19,24,21,4,No
276,FORD F150,3.3,6,SemiAuto-6,2WD,Gasoline,pickup,5,19,25,22,4,No
277,FORD F150,3.3,6,SemiAuto-6,4WD,Gasoline,pickup,5,17,22,19,3,No
278,FORD F150,3.3,6,SemiAuto-6,4WD,Gasoline,pickup,5,18,23,20,4,No
279,FORD F150,3.5,6,SemiAuto-10,2WD,Gasoline,pickup,5,17,21,19,3,No
280,FORD F150,3.5,6,SemiAuto-10,2WD,Gasoline,pickup,5,17,22,19,3,No
281,FORD F150,3.5,6,SemiAuto-10,2WD,Gasoline,pickup,5,18,25,21,4,No
282,FORD F150,3.5,6,SemiAuto-10,4WD,Gasoline,pickup,5,16,21,18,3,No
283,FORD F150,3.5,6,SemiAuto-10,4WD,Gasoline,pickup,5,16,22,19,3,No
284,FORD F150,3.5,6,SemiAuto-10,4WD,Gasoline,pickup,5,17,23,19,3,No
285,FORD F150,5.0,8,SemiAuto-10,2WD,Gasoline,pickup,3,16,20,17,3,No
286,FORD F150,5.0,8,SemiAuto-10,2WD,Gasoline,pickup,3,16,21,18,3,No
287,FORD F150,5.0,8,SemiAuto-10,2WD,Gasoline,pickup,3,17,23,19,3,No
288,FORD F150,5.0,8,SemiAuto-10,4WD,Gasoline,pickup,3,15,19,17,3,No
289,FORD F150,5.0,8,SemiAuto-10,4WD,Gasoline,pickup,3,16,20,17,3,No
290,FORD F150,5.0,8,SemiAuto-10,4WD,Gasoline,pickup,3,16,22,18,3,No
291,FORD F150 Raptor,3.5,6,SemiAuto-10,4WD,Gasoline,pickup,3,15,18,16,2,No
292,FORD Flex,3.5,6,SemiAuto-6,2WD,Gasoline,standard SUV,3,16,23,19,3,No
293,FORD Flex,3.5,6,SemiAuto-6,4WD,Gasoline,standard SUV,3,15,21,17,3,No
294,FORD Flex,3.5,6,SemiAuto-6,4WD,Gasoline,standard SUV,3,16,22,18,3,No
295,FORD Fusion,1.5,4,SemiAuto-6,2WD,Gasoline,midsize car,7,23,34,27,6,No
296,FORD Fusion,2.0,4,SemiAuto-6,2WD,Gasoline,midsize car,5,21,31,25,5,No
297,FORD Fusion,2.0,4,SemiAuto-6,4WD,Gasoline,midsize car,5,20,29,23,5,No
298,FORD Fusion,2.5,4,Auto-6,2WD,Gasoline,midsize car,5,21,32,25,5,No
299,FORD Fusion,2.7,6,SemiAuto-6,4WD,Gasoline,midsize car,5,17,26,20,4,No
300,FORD Fusion Energi Plug-in Hybrid,2.0,4,CVT,2WD,Gasoline/Electricity,midsize car,7,43/102,41/91,42/97,10,Elite
301,FORD Fusion Hybrid,2.0,4,CVT,2WD,Gasoline,midsize car,7,43,41,42,9,Yes
302,FORD Transit Connect,2.5,4,SemiAuto-6,2WD,Gasoline,special purpose,3,19,27,22,4,No
303,FORD Transit Connect,2.5,4,SemiAuto-6,2WD,Gasoline,special purpose,3,20,27,23,5,No
304,GENESIS G80,3.3,6,SemiAuto-8,2WD,Gasoline,large car,3,17,25,20,4,No
305,GENESIS G80,3.3,6,SemiAuto-8,4WD,Gasoline,large car,3,17,24,20,4,No
306,GENESIS G80,3.8,6,SemiAuto-8,2WD,Gasoline,large car,5,19,27,22,4,No
307,GENESIS G80,3.8,6,SemiAuto-8,4WD,Gasoline,large car,5,18,25,20,4,No
308,GENESIS G80,5.0,8,SemiAuto-8,2WD,Gasoline,large car,5,16,24,19,3,No
309,GENESIS G80,5.0,8,SemiAuto-8,4WD,Gasoline,large car,5,15,23,18,3,No
310,GENESIS G90,3.3,6,SemiAuto-8,2WD,Gasoline,large car,3,17,24,20,4,No
311,GENESIS G90,3.3,6,SemiAuto-8,4WD,Gasoline,large car,3,17,24,20,4,No
312,GENESIS G90,5.0,8,SemiAuto-8,2WD,Gasoline,large car,5,16,24,19,3,No
313,GENESIS G90,5.0,8,SemiAuto-8,4WD,Gasoline,large car,5,15,23,18,3,No
314,GMC Acadia,2.5,4,Auto-6,2WD,Gasoline,standard SUV,3,21,26,23,5,No
315,GMC Acadia,2.5,4,Auto-6,4WD,Gasoline,standard SUV,3,21,25,23,5,No
316,GMC Acadia,3.6,6,Auto-6,2WD,Gasoline,standard SUV,5,18,25,21,4,No
317,GMC Acadia,3.6,6,Auto-6,4WD,Gasoline,standard SUV,5,17,25,20,4,No
318,GMC Canyon,2.5,4,Auto-6,2WD,Gasoline,pickup,5,20,26,22,4,No
319,GMC Canyon,2.5,4,Auto-6,4WD,Gasoline,pickup,5,19,24,21,4,No
320,GMC Canyon,2.5,4,Man-6,2WD,Gasoline,pickup,5,20,26,22,4,No
321,GMC Canyon,2.8,4,Auto-6,2WD,Diesel,pickup,3,22,30,25,4,No
322,GMC Canyon,2.8,4,Auto-6,4WD,Diesel,pickup,3,20,28,23,4,No
323,GMC Canyon,3.6,6,Auto-8,2WD,Gasoline,pickup,5,18,25,20,4,No
324,GMC Canyon,3.6,6,Auto-8,2WD,Gasoline,special purpose,5,15,15,15,2,No
325,GMC Canyon,3.6,6,Auto-8,4WD,Gasoline,pickup,5,17,24,19,3,No
326,GMC Sierra 15,4.3,6,Auto-6,2WD,Ethanol/Gas,pickup,5,12/18,16/24,14/20,4,No
327,GMC Sierra 15,4.3,6,Auto-6,4WD,Ethanol/Gas,pickup,5,12/17,15/22,13/19,3,No
328,GMC Sierra 15,5.3,8,Auto-6,2WD,Ethanol/Gas,pickup,3,12/16,17/23,14/19,3,No
329,GMC Sierra 15,5.3,8,Auto-6,2WD,Gasoline,pickup,3,16,23,19,3,No
330,GMC Sierra 15,5.3,8,Auto-6,2WD,Gasoline,special purpose,3,15,20,17,3,No
331,GMC Sierra 15,5.3,8,Auto-6,4WD,Gasoline,pickup,3,16,22,18,3,No
332,GMC Sierra 15,5.3,8,Auto-6,4WD,Gasoline,special purpose,3,15,19,17,3,No
333,GMC Sierra 15,5.3,8,Auto-8,2WD,Gasoline,pickup,3,18,24,20,4,No
334,GMC Sierra 15,5.3,8,Auto-8,2WD,Gasoline,pickup,3,16,22,18,3,No
335,GMC Sierra 15,5.3,8,Auto-8,4WD,Gasoline,pickup,3,16,21,18,3,No
336,GMC Sierra 15,5.3,8,Auto-8,4WD,Gasoline,pickup,3,15,20,17,3,No
337,GMC Sierra 15,6.2,8,Auto-8,2WD,Gasoline,pickup,3,15,21,17,3,No
338,GMC Sierra 15,6.2,8,Auto-8,4WD,Gasoline,pickup,3,15,20,17,3,No
339,GMC Terrain,1.5,4,Auto-9,2WD,Gasoline,small SUV,5,26,30,28,6,No
340,GMC Terrain,1.5,4,Auto-9,4WD,Gasoline,small SUV,5,24,28,26,5,No
341,GMC Terrain,1.6,4,Auto-6,2WD,Diesel,small SUV,3,28,39,32,6,No
342,GMC Terrain,1.6,4,Auto-6,4WD,Diesel,small SUV,3,28,38,32,6,No
343,GMC Terrain,2.0,4,Auto-9,2WD,Gasoline,small SUV,5,22,28,24,5,No
344,GMC Terrain,2.0,4,Auto-9,4WD,Gasoline,small SUV,5,21,26,23,5,No
345,GMC Yukon 1500,5.3,8,Auto-6,2WD,Ethanol/Gas,standard SUV,3,12/16,17/23,14/19,3,No
346,GMC Yukon 1500,5.3,8,Auto-6,2WD,Gasoline,standard SUV,3,16,23,19,3,No
347,GMC Yukon 1500,5.3,8,Auto-6,4WD,Ethanol/Gas,standard SUV,3,11/16,16/22,13/18,3,No
348,GMC Yukon 1500,5.3,8,Auto-6,4WD,Gasoline,standard SUV,3,16,22,18,3,No
349,GMC Yukon 1500,6.2,8,Auto-10,2WD,Gasoline,standard SUV,3,14,23,17,3,No
350,GMC Yukon 1500,6.2,8,Auto-10,4WD,Gasoline,standard SUV,3,14,22,17,3,No
351,GMC Yukon 1500 XL,5.3,8,Auto-6,2WD,Ethanol/Gas,standard SUV,3,12/16,17/23,14/19,3,No
352,GMC Yukon 1500 XL,5.3,8,Auto-6,2WD,Gasoline,standard SUV,3,16,23,19,3,No
353,GMC Yukon 1500 XL,6.2,8,Auto-10,2WD,Gasoline,standard SUV,3,14,23,17,3,No
354,GMC Yukon XL 1500,5.3,8,Auto-6,4WD,Ethanol/Gas,standard SUV,3,11/16,15/22,12/18,3,No
355,GMC Yukon XL 1500,5.3,8,Auto-6,4WD,Gasoline,standard SUV,3,15,22,18,3,No
356,GMC Yukon XL 1500,6.2,8,Auto-10,4WD,Gasoline,standard SUV,3,14,21,16,2,No
357,HONDA Civic 5Dr,1.5,4,CVT,2WD,Gasoline,large car,7,31,40,34,8,Yes
358,HONDA Civic 5Dr,1.5,4,CVT,2WD,Gasoline,large car,3,31,40,34,8,Yes
359,HONDA Civic 5Dr,1.5,4,Man-6,2WD,Gasoline,large car,3,29,38,33,8,Yes
360,HONDA Civic 5Dr,1.5,4,SCV-7,2WD,Gasoline,large car,7,30,36,32,7,Yes
361,HONDA Civic 5Dr,1.5,4,SCV-7,2WD,Gasoline,large car,3,30,36,32,7,Yes
362,HONDA Fit,1.5,4,CVT,2WD,Gasoline,station wagon,7,33,40,36,8,Yes
363,HONDA Fit,1.5,4,Man-6,2WD,Gasoline,station wagon,3,29,36,31,7,Yes
364,HONDA Fit,1.5,4,SCV-7,2WD,Gasoline,station wagon,7,31,36,33,8,Yes
365,HONDA HR-V,1.8,4,CVT,2WD,Gasoline,station wagon,3,28,34,31,7,Yes
366,HONDA HR-V,1.8,4,CVT,4WD,Gasoline,station wagon,3,27,31,29,6,No
367,HONDA HR-V,1.8,4,Man-6,2WD,Gasoline,station wagon,3,25,33,28,6,No
368,HONDA HR-V,1.8,4,SCV-7,2WD,Gasoline,station wagon,3,28,34,31,7,Yes
369,HONDA HR-V,1.8,4,SCV-7,4WD,Gasoline,station wagon,3,27,31,29,6,No
370,HONDA Ridgeline,3.5,6,Auto-6,2WD,Gasoline,pickup,3,19,26,22,4,No
371,HONDA Ridgeline,3.5,6,Auto-6,4WD,Gasoline,pickup,3,18,25,21,4,No
372,HYUNDAI Elantra,1.4,4,AutoMan-7,2WD,Gasoline,midsize car,3,32,40,35,8,Yes
373,HYUNDAI Elantra,1.6,4,AutoMan-7,2WD,Gasoline,midsize car,3,26,33,29,6,No
374,HYUNDAI Elantra,1.6,4,Man-6,2WD,Gasoline,midsize car,3,22,30,25,5,No
375,HYUNDAI Elantra,2.0,4,Man-6,2WD,Gasoline,midsize car,5,26,36,29,6,No
376,HYUNDAI Elantra,2.0,4,SemiAuto-6,2WD,Gasoline,midsize car,7,28,37,32,7,Yes
377,HYUNDAI Elantra,2.0,4,SemiAuto-6,2WD,Gasoline,midsize car,5,28,37,32,7,Yes
378,HYUNDAI Elantra GT,1.6,4,AutoMan-7,2WD,Gasoline,large car,3,26,32,28,6,No
379,HYUNDAI Elantra GT,1.6,4,Man-6,2WD,Gasoline,large car,3,22,29,25,5,No
380,HYUNDAI Elantra GT,2.0,4,Man-6,2WD,Gasoline,large car,3,23,31,26,5,No
381,HYUNDAI Elantra GT,2.0,4,SemiAuto-6,2WD,Gasoline,large car,3,24,32,27,6,No
382,HYUNDAI Elantra SE,2.0,4,SemiAuto-6,2WD,Gasoline,midsize car,7,29,38,33,8,Yes
383,HYUNDAI Elantra SE,2.0,4,SemiAuto-6,2WD,Gasoline,midsize car,5,29,38,33,8,Yes
384,HYUNDAI Santa Fe,3.3,6,SemiAuto-6,2WD,Gasoline,small SUV,3,18,25,21,4,No
385,HYUNDAI Santa Fe,3.3,6,SemiAuto-6,4WD,Gasoline,small SUV,3,18,24,20,4,No
386,HYUNDAI Santa Fe Sport,2.0,4,SemiAuto-6,2WD,Gasoline,small SUV,3,20,28,23,5,No
387,HYUNDAI Santa Fe Sport,2.0,4,SemiAuto-6,4WD,Gasoline,small SUV,3,19,26,22,4,No
388,HYUNDAI Santa Fe Sport,2.4,4,SemiAuto-6,2WD,Gasoline,small SUV,5,21,27,24,5,No
389,HYUNDAI Santa Fe Sport,2.4,4,SemiAuto-6,4WD,Gasoline,small SUV,5,20,26,22,4,No
390,HYUNDAI Santa Fe Sport Ultimate,2.0,4,SemiAuto-6,2WD,Gasoline,small SUV,3,20,27,23,5,No
391,HYUNDAI Santa Fe Sport Ultimate,2.0,4,SemiAuto-6,4WD,Gasoline,small SUV,3,19,24,21,4,No
392,HYUNDAI Santa Fe Ultimate,3.3,6,SemiAuto-6,2WD,Gasoline,small SUV,3,17,23,20,4,No
393,HYUNDAI Santa Fe Ultimate,3.3,6,SemiAuto-6,4WD,Gasoline,small SUV,3,17,22,19,3,No
394,HYUNDAI Sonata,1.6,4,AutoMan-7,2WD,Gasoline,large car,5,28,37,31,7,Yes
395,HYUNDAI Sonata,2.0,4,SemiAuto-8,2WD,Gasoline,large car,5,23,32,26,5,No
396,HYUNDAI Sonata,2.4,4,SemiAuto-6,2WD,Gasoline,large car,7,25,35,28,6,No
397,HYUNDAI Sonata,2.4,4,SemiAuto-6,2WD,Gasoline,large car,5,25,35,28,6,No
398,HYUNDAI Sonata SE,2.4,4,SemiAuto-6,2WD,Gasoline,large car,7,25,36,29,6,No
399,HYUNDAI Sonata SE,2.4,4,SemiAuto-6,2WD,Gasoline,large car,5,25,36,29,6,No
400,INFINITI Q50,2.0,4,SemiAuto-7,2WD,Gasoline,midsize car,3,23,30,25,5,No
401,INFINITI Q50,2.0,4,SemiAuto-7,4WD,Gasoline,midsize car,3,22,28,24,5,No
402,INFINITI Q50,3.0,6,SemiAuto-7,2WD,Gasoline,midsize car,3,20,29,23,5,No
403,INFINITI Q50,3.0,6,SemiAuto-7,4WD,Gasoline,midsize car,3,19,27,22,4,No
404,INFINITI Q50 Hybrid,3.5,6,SemiAuto-7,2WD,Gasoline,small car,3,27,32,29,6,No
405,INFINITI Q50 Hybrid,3.5,6,SemiAuto-7,4WD,Gasoline,small car,3,26,30,28,6,No
406,INFINITI Q50 Red Sport,3.0,6,SemiAuto-7,2WD,Gasoline,midsize car,3,20,26,22,4,No
407,INFINITI Q50 Red Sport,3.0,6,SemiAuto-7,4WD,Gasoline,midsize car,3,19,26,22,4,No
408,INFINITI Q70,3.7,6,SemiAuto-7,2WD,Gasoline,midsize car,3,18,25,21,4,No
409,INFINITI Q70,3.7,6,SemiAuto-7,4WD,Gasoline,midsize car,3,18,24,20,4,No
410,INFINITI Q70,5.6,8,SemiAuto-7,2WD,Gasoline,midsize car,3,16,24,19,3,No
411,INFINITI Q70,5.6,8,SemiAuto-7,4WD,Gasoline,midsize car,3,16,23,18,3,No
412,INFINITI Q70 Hybrid,3.5,6,SemiAuto-7,2WD,Gasoline,midsize car,3,28,33,30,7,Yes
413,INFINITI QX30,2.0,4,AutoMan-7,2WD,Gasoline,small car,3,24,33,27,6,No
414,INFINITI QX30,2.0,4,AutoMan-7,4WD,Gasoline,small car,3,21,30,25,5,No
415,JAGUAR F-Pace,2.0,4,SemiAuto-8,4WD,Diesel,small SUV,1,26,33,29,5,No
416,JAGUAR F-Pace,2.0,4,SemiAuto-8,4WD,Gasoline,small SUV,7,22,27,24,5,No
417,JAGUAR F-Pace,3.0,6,SemiAuto-8,4WD,Gasoline,small SUV,7,18,23,20,4,No
418,JAGUAR F-Type Convertible,3.0,6,Man-6,2WD,Gasoline,small car,7,16,24,19,3,No
419,JAGUAR F-Type Convertible,3.0,6,SemiAuto-8,2WD,Gasoline,small car,7,20,28,23,5,No
420,JAGUAR F-Type Coupe,3.0,6,Man-6,2WD,Gasoline,small car,7,16,24,19,3,No
421,JAGUAR F-Type Coupe,3.0,6,SemiAuto-8,2WD,Gasoline,small car,7,20,28,23,5,No
422,JAGUAR F-Type R Convertible,5.0,8,SemiAuto-8,4WD,Gasoline,small car,3,15,23,18,3,No
423,JAGUAR F-Type R Coupe,5.0,8,SemiAuto-8,4WD,Gasoline,small car,3,15,23,18,3,No
424,JAGUAR F-Type S Convertible,3.0,6,Man-6,2WD,Gasoline,small car,7,15,24,18,3,No
425,JAGUAR F-Type S Convertible,3.0,6,SemiAuto-8,2WD,Gasoline,small car,7,19,27,22,4,No
426,JAGUAR F-Type S Convertible,3.0,6,SemiAuto-8,4WD,Gasoline,small car,7,18,26,21,4,No
427,JAGUAR F-Type S Coupe,3.0,6,Man-6,2WD,Gasoline,small car,7,15,24,18,3,No
428,JAGUAR F-Type S Coupe,3.0,6,SemiAuto-8,2WD,Gasoline,small car,7,19,27,22,4,No
429,JAGUAR F-Type S Coupe,3.0,6,SemiAuto-8,4WD,Gasoline,small car,7,18,26,21,4,No
430,JAGUAR XE,2.0,4,SemiAuto-8,2WD,Diesel,small car,1,32,42,36,7,No
431,JAGUAR XE,2.0,4,SemiAuto-8,2WD,Gasoline,small car,7,25,34,28,6,No
432,JAGUAR XE,2.0,4,SemiAuto-8,4WD,Diesel,small car,1,30,40,34,7,No
433,JAGUAR XE,2.0,4,SemiAuto-8,4WD,Gasoline,small car,7,24,34,28,6,No
434,JAGUAR XE,3.0,6,SemiAuto-8,2WD,Gasoline,small car,7,21,30,24,5,No
435,JAGUAR XE,3.0,6,SemiAuto-8,4WD,Gasoline,small car,7,20,29,23,5,No
436,JAGUAR XF,2.0,4,SemiAuto-8,2WD,Diesel,midsize car,1,31,42,35,7,No
437,JAGUAR XF,2.0,4,SemiAuto-8,2WD,Gasoline,midsize car,7,25,34,28,6,No
438,JAGUAR XF,2.0,4,SemiAuto-8,4WD,Diesel,midsize car,1,30,40,34,7,No
439,JAGUAR XF,2.0,4,SemiAuto-8,4WD,Gasoline,midsize car,7,23,33,27,6,No
440,JAGUAR XF,3.0,6,SemiAuto-8,2WD,Gasoline,midsize car,7,20,29,23,5,No
441,JAGUAR XF,3.0,6,SemiAuto-8,4WD,Gasoline,midsize car,7,20,28,23,5,No
442,JEEP Cherokee,2.4,4,Auto-9,2WD,Ethanol/Gas,small SUV,3,15/21,22/30,18/25,5,No
443,JEEP Cherokee,2.4,4,Auto-9,2WD,Gasoline,small SUV,7,21,30,25,5,No
444,JEEP Cherokee,2.4,4,Auto-9,4WD,Ethanol/Gas,small SUV,3,14/21,21/28,17/23,5,No
445,JEEP Cherokee,2.4,4,Auto-9,4WD,Gasoline,small SUV,3,21,28,23,5,No
446,JEEP Cherokee,3.2,6,Auto-9,2WD,Gasoline,small SUV,3,21,29,24,5,No
447,JEEP Cherokee,3.2,6,Auto-9,4WD,Gasoline,small SUV,3,20,27,23,5,No
448,JEEP Cherokee 4x4 Active Drive II,2.4,4,Auto-9,4WD,Gasoline,small SUV,7,21,27,23,5,No
449,JEEP Cherokee 4x4 Active Drive II,2.4,4,Auto-9,4WD,Gasoline,small SUV,1,21,27,23,5,No
450,JEEP Cherokee 4x4 Active Drive II,3.2,6,Auto-9,4WD,Gasoline,small SUV,3,18,26,21,4,No
451,JEEP Cherokee Trailhawk,2.4,4,Auto-9,4WD,Gasoline,small SUV,7,19,25,22,4,No
452,JEEP Cherokee Trailhawk,2.4,4,Auto-9,4WD,Gasoline,small SUV,1,19,25,22,4,No
453,JEEP Cherokee Trailhawk,3.2,6,Auto-9,4WD,Gasoline,small SUV,3,18,24,21,4,No
454,JEEP Compass,2.4,4,Auto-6,2WD,Gasoline,small SUV,7,22,31,25,5,No
455,JEEP Compass,2.4,4,Auto-9,4WD,Gasoline,small SUV,7,22,30,25,5,No
456,JEEP Compass,2.4,4,Man-6,2WD,Gasoline,small SUV,3,23,32,26,5,No
457,JEEP Compass,2.4,4,Man-6,4WD,Gasoline,small SUV,3,22,31,25,5,No
458,JEEP Grand Cherokee,3.6,6,Auto-8,2WD,Gasoline,standard SUV,5,19,26,21,4,No
459,JEEP Grand Cherokee,3.6,6,Auto-8,4WD,Gasoline,standard SUV,5,18,25,21,4,No
460,JEEP Grand Cherokee,5.7,8,Auto-8,4WD,Gasoline,standard SUV,3,14,22,17,3,No
461,JEEP Grand Cherokee SRT,6.4,8,Auto-8,4WD,Gasoline,standard SUV,1,13,19,15,2,No
462,KARMA Revero,2.0,4,Auto-1,2WD,Gasoline/Electricity,small car,1,20/59,21/61,20/60,10,No
463,KIA Forte,2.0,4,Man-6,2WD,Gasoline,midsize car,5,25,34,28,6,No
464,KIA Forte,2.0,4,SemiAuto-6,2WD,Gasoline,midsize car,7,29,37,32,7,Yes
465,KIA Forte,2.0,4,SemiAuto-6,2WD,Gasoline,midsize car,5,29,37,32,7,Yes
466,KIA Forte,2.0,4,SemiAuto-6,2WD,Gasoline,midsize car,7,25,33,28,6,No
467,KIA Forte,2.0,4,SemiAuto-6,2WD,Gasoline,midsize car,3,25,33,28,6,No
468,KIA Forte5,1.6,4,AutoMan-7,2WD,Gasoline,large car,3,25,30,27,6,No
469,KIA Forte5,1.6,4,Man-6,2WD,Gasoline,large car,3,23,29,25,5,No
470,KIA Forte5,2.0,4,SemiAuto-6,2WD,Gasoline,large car,3,25,34,28,6,No
471,KIA Optima,1.6,4,AutoMan-7,2WD,Gasoline,large car,3,28,37,31,7,Yes
472,KIA Optima,2.0,4,SemiAuto-6,2WD,Gasoline,large car,3,22,31,25,5,No
473,KIA Optima,2.4,4,SemiAuto-6,2WD,Gasoline,large car,7,24,34,28,6,No
474,KIA Optima,2.4,4,SemiAuto-6,2WD,Gasoline,large car,5,24,34,28,6,No
475,KIA Optima FE,2.4,4,SemiAuto-6,2WD,Gasoline,large car,7,25,36,29,6,No
476,KIA Optima FE,2.4,4,SemiAuto-6,2WD,Gasoline,large car,5,25,36,29,6,No
477,KIA Rio,1.6,4,Man-6,2WD,Gasoline,small car,3,29,37,32,7,Yes
478,KIA Rio,1.6,4,SemiAuto-6,2WD,Gasoline,small car,3,28,37,32,7,Yes
479,KIA Sedona,3.3,6,SemiAuto-6,2WD,Gasoline,minivan,3,18,24,20,4,No
480,KIA Sedona SX,3.3,6,SemiAuto-6,2WD,Gasoline,minivan,3,18,25,21,4,No
481,KIA Sedona SXL,3.3,6,SemiAuto-6,2WD,Gasoline,minivan,3,17,22,19,3,No
482,KIA Sorento,2.0,4,SemiAuto-6,2WD,Gasoline,small SUV,3,20,27,23,5,No
483,KIA Sorento,2.0,4,SemiAuto-6,4WD,Gasoline,small SUV,3,19,25,22,4,No
484,KIA Sorento,2.4,4,SemiAuto-6,2WD,Gasoline,small SUV,5,21,28,24,5,No
485,KIA Sorento,2.4,4,SemiAuto-6,4WD,Gasoline,small SUV,5,21,25,22,4,No
486,KIA Sorento,3.3,6,SemiAuto-6,2WD,Gasoline,small SUV,3,18,25,20,4,No
487,KIA Sorento,3.3,6,SemiAuto-6,4WD,Gasoline,small SUV,3,17,23,19,3,No
488,KIA Sorento FE,3.3,6,SemiAuto-6,4WD,Gasoline,small SUV,3,18,25,21,4,No
489,KIA Soul,1.6,4,AutoMan-7,2WD,Gasoline,station wagon,3,26,31,28,6,No
490,KIA Soul,1.6,4,Man-6,2WD,Gasoline,station wagon,3,24,30,27,6,No
491,KIA Soul,1.6,4,SemiAuto-6,2WD,Gasoline,station wagon,3,25,30,27,6,No
492,KIA Soul,2.0,4,SemiAuto-6,2WD,Gasoline,station wagon,7,25,30,27,6,No
493,KIA Soul,2.0,4,SemiAuto-6,2WD,Gasoline,station wagon,5,25,30,27,6,No
494,KIA Sportage,2.0,4,SemiAuto-6,2WD,Gasoline,small SUV,3,21,26,23,5,No
495,KIA Sportage,2.0,4,SemiAuto-6,4WD,Gasoline,small SUV,3,20,23,21,4,No
496,KIA Sportage,2.4,4,SemiAuto-6,2WD,Gasoline,small SUV,7,22,29,25,5,No
497,KIA Sportage,2.4,4,SemiAuto-6,2WD,Gasoline,small SUV,5,22,29,25,5,No
498,KIA Sportage,2.4,4,SemiAuto-6,4WD,Gasoline,small SUV,7,21,25,23,5,No
499,KIA Sportage,2.4,4,SemiAuto-6,4WD,Gasoline,small SUV,5,21,25,23,5,No
500,KIA Sportage FE,2.4,4,SemiAuto-6,2WD,Gasoline,small SUV,7,23,30,26,5,No
501,KIA Sportage FE,2.4,4,SemiAuto-6,2WD,Gasoline,small SUV,5,23,30,26,5,No
502,KIA Sportage FE,2.4,4,SemiAuto-6,4WD,Gasoline,small SUV,7,21,25,22,4,No
503,KIA Sportage FE,2.4,4,SemiAuto-6,4WD,Gasoline,small SUV,5,21,25,22,4,No
504,LAMBORGHINI Aventador Coupe,6.5,12,AMS-7,4WD,Gasoline,small car,1,10,17,12,1,No
505,LAMBORGHINI Aventador Roadster,6.5,12,AMS-7,4WD,Gasoline,small car,1,10,16,12,1,No
506,LAMBORGHINI Aventador S Coupe,6.5,12,AMS-7,4WD,Gasoline,small car,1,10,17,12,1,No
507,LAMBORGHINI Aventador S Roadster,6.5,12,AMS-7,4WD,Gasoline,small car,1,10,16,12,1,No
508,LAND ROVER Range Rover Velar,2.0,4,SemiAuto-8,4WD,Diesel,small SUV,1,26,30,28,5,No
509,LAND ROVER Range Rover Velar,2.0,4,SemiAuto-8,4WD,Gasoline,small SUV,7,21,27,23,5,No
510,LAND ROVER Range Rover Velar,3.0,6,SemiAuto-8,4WD,Gasoline,small SUV,7,18,24,20,4,No
511,LEXUS GX 460,4.6,8,SemiAuto-6,4WD,Gasoline,standard SUV,3,15,18,16,2,No
512,LEXUS LC 500,5.0,8,SemiAuto-10,2WD,Gasoline,small car,5,16,26,19,3,No
513,LEXUS LC 500h,3.5,6,SCV-10,2WD,Gasoline,small car,7,26,35,30,7,Yes
514,LEXUS LX 570,5.7,8,SemiAuto-8,4WD,Gasoline,standard SUV,3,13,18,15,2,No
515,LINCOLN Continental,2.7,6,SemiAuto-6,2WD,Gasoline,large car,5,18,27,21,4,No
516,LINCOLN Continental,2.7,6,SemiAuto-6,4WD,Gasoline,large car,5,17,25,20,4,No
517,LINCOLN Continental,3.0,6,SemiAuto-6,4WD,Gasoline,large car,5,16,24,19,3,No
518,LINCOLN Continental,3.7,6,SemiAuto-6,2WD,Gasoline,large car,3,17,26,20,4,No
519,LINCOLN Continental,3.7,6,SemiAuto-6,4WD,Gasoline,large car,3,16,24,19,3,No
520,LINCOLN MKT,3.5,6,SemiAuto-6,4WD,Gasoline,standard SUV,3,15,21,17,3,No
521,LINCOLN MKT,3.7,6,SemiAuto-6,2WD,Gasoline,standard SUV,3,16,24,19,3,No
522,LINCOLN MKT Livery,3.7,6,Auto-6,4WD,Gasoline,special purpose,3,16,23,18,3,No
523,MASERATI Ghibli,3.0,6,Auto-8,2WD,Gasoline,midsize car,1,17,24,19,3,No
524,MASERATI Ghibli S,3.0,6,Auto-8,2WD,Gasoline,midsize car,1,16,24,19,3,No
525,MASERATI Ghibli S Q4,3.0,6,Auto-8,4WD,Gasoline,midsize car,1,16,24,19,3,No
526,MASERATI Granturismo,4.7,8,Auto-6,2WD,Gasoline,small car,1,13,21,16,2,No
527,MASERATI Granturismo Convertible,4.7,8,Auto-6,2WD,Gasoline,small car,1,13,20,15,2,No
528,MASERATI Levante,3.0,8,Auto-8,4WD,Gasoline,standard SUV,1,14,20,16,2,No
529,MASERATI Levante S,3.0,8,Auto-8,4WD,Gasoline,standard SUV,1,14,19,16,2,No
530,MASERATI Quattroporte S,3.0,6,Auto-8,2WD,Gasoline,large car,1,16,23,18,3,No
531,MASERATI Quattroporte S Q4,3.0,6,Auto-8,4WD,Gasoline,large car,1,16,23,18,3,No
532,MAZDA 3,2.0,4,Man-6,2WD,Gasoline,midsize car,7,27,37,31,7,Yes
533,MAZDA 3,2.0,4,Man-6,2WD,Gasoline,small car,7,28,38,31,7,Yes
534,MAZDA 3,2.0,4,SemiAuto-6,2WD,Gasoline,midsize car,7,28,37,32,7,Yes
535,MAZDA 3,2.0,4,SemiAuto-6,2WD,Gasoline,small car,7,28,37,31,7,Yes
536,MAZDA 3,2.5,4,SemiAuto-6,2WD,Gasoline,midsize car,7,26,35,30,7,Yes
537,MAZDA 3,2.5,4,SemiAuto-6,2WD,Gasoline,small car,7,27,36,30,7,Yes
538,MAZDA CX-3,2.0,4,SemiAuto-6,2WD,Gasoline,small car,3,29,34,31,7,Yes
539,MAZDA CX-3,2.0,4,SemiAuto-6,4WD,Gasoline,small car,3,27,32,29,6,No
540,MAZDA CX-9,2.5,4,SemiAuto-6,2WD,Gasoline,small SUV,3,22,28,24,5,No
541,MAZDA CX-9,2.5,4,SemiAuto-6,4WD,Gasoline,small SUV,3,20,26,23,5,No
542,MERCEDES-BENZ AMG C63,4.0,8,Auto-7,2WD,Gasoline,small car,5,17,22,19,3,No
543,MERCEDES-BENZ AMG C63,4.0,8,Auto-7,2WD,Gasoline,small car,5,17,23,19,3,No
544,MERCEDES-BENZ AMG C63,4.0,8,Auto-7,2WD,Gasoline,small car,5,18,24,20,4,No
545,MERCEDES-BENZ AMG C63 S,4.0,8,Auto-7,2WD,Gasoline,small car,5,17,22,19,3,No
546,MERCEDES-BENZ AMG C63 S,4.0,8,Auto-7,2WD,Gasoline,small car,5,17,23,19,3,No
547,MERCEDES-BENZ AMG C63 S,4.0,8,Auto-7,2WD,Gasoline,small car,5,18,24,20,4,No
548,MERCEDES-BENZ AMG CLA45 4Matic,2.0,4,AutoMan-7,4WD,Gasoline,small car,3,23,30,26,5,No
549,MERCEDES-BENZ AMG CLS63 4Matic,5.5,8,Auto-7,4WD,Gasoline,small car,3,16,22,18,3,No
550,MERCEDES-BENZ AMG E63 S 4Matic,4.0,8,Auto-9,4WD,Gasoline,midsize car,5,15,22,18,3,No
551,MERCEDES-BENZ AMG E63 S 4Matic,4.0,8,Auto-9,4WD,Gasoline,station wagon,5,16,22,18,3,No
552,MERCEDES-BENZ AMG GLA45 4Matic,2.0,4,AutoMan-7,4WD,Gasoline,station wagon,3,22,28,25,5,No
553,MERCEDES-BENZ AMG GLE 43 4Matic,3.0,6,Auto-9,4WD,Gasoline,standard SUV,3,17,22,19,3,No
554,MERCEDES-BENZ AMG GLE 43 4Matic,3.0,6,Auto-9,4WD,Gasoline,standard SUV,3,17,23,19,3,No
555,MERCEDES-BENZ AMG GLE63,5.5,8,Auto-7,4WD,Gasoline,standard SUV,3,14,18,15,2,No
556,MERCEDES-BENZ AMG GLE63 S,5.5,8,Auto-7,4WD,Gasoline,standard SUV,3,14,18,15,2,No
557,MERCEDES-BENZ AMG GLS63,5.5,8,Auto-7,4WD,Gasoline,standard SUV,3,13,18,15,2,No
558,MERCEDES-BENZ AMG GT,4.0,8,AutoMan-7,2WD,Gasoline,small car,5,16,21,18,3,No
559,MERCEDES-BENZ AMG GT,4.0,8,AutoMan-7,2WD,Gasoline,small car,5,16,22,18,3,No
560,MERCEDES-BENZ AMG GT S,4.0,8,AutoMan-7,2WD,Gasoline,small car,5,16,22,18,3,No
561,MERCEDES-BENZ AMG S63 4Matic,4.0,8,Auto-9,4WD,Gasoline,large car,5,17,26,20,4,No
562,MERCEDES-BENZ AMG SL63,5.5,8,Auto-7,2WD,Gasoline,small car,3,16,25,19,3,No
563,MERCEDES-BENZ AMG SL65,6.0,12,Auto-7,2WD,Gasoline,small car,3,13,22,16,2,No
564,MERCEDES-BENZ C300,2.0,4,Auto-9,2WD,Gasoline,small car,5,22,29,25,5,No
565,MERCEDES-BENZ C300,2.0,4,Auto-9,2WD,Gasoline,small car,5,22,30,25,5,No
566,MERCEDES-BENZ C300,2.0,4,Auto-9,2WD,Gasoline,small car,5,24,33,27,6,No
567,MERCEDES-BENZ C300 4Matic,2.0,4,Auto-9,4WD,Gasoline,small car,5,22,29,25,5,No
568,MERCEDES-BENZ C300 4Matic,2.0,4,Auto-9,4WD,Gasoline,small car,5,22,30,25,5,No
569,MERCEDES-BENZ C300 4Matic,2.0,4,Auto-9,4WD,Gasoline,small car,5,23,32,26,5,No
570,MERCEDES-BENZ CLA250,2.0,4,AutoMan-7,2WD,Gasoline,small car,5,24,37,29,6,No
571,MERCEDES-BENZ CLA250 4Matic,2.0,4,AutoMan-7,4WD,Ethanol/Gas,small car,5,17/24,24/32,20/27,6,No
572,MERCEDES-BENZ CLA250 4Matic,2.0,4,AutoMan-7,4WD,Gasoline,small car,5,24,32,27,6,No
573,MERCEDES-BENZ CLS550,4.7,8,Auto-9,2WD,Gasoline,small car,3,18,26,21,4,No
574,MERCEDES-BENZ CLS550 4Matic,4.7,8,Auto-9,4WD,Gasoline,small car,3,17,25,20,4,No
575,MERCEDES-BENZ E300,2.0,4,Auto-9,2WD,Gasoline,midsize car,5,22,30,25,5,No
576,MERCEDES-BENZ E300 4Matic,2.0,4,Auto-9,4WD,Gasoline,midsize car,5,21,29,24,5,No
577,MERCEDES-BENZ GLA 250,2.0,4,AutoMan-7,2WD,Gasoline,station wagon,5,24,33,27,6,No
578,MERCEDES-BENZ GLA250 4Matic,2.0,4,AutoMan-7,4WD,Ethanol/Gas,small SUV,5,17/23,23/31,19/26,5,No
579,MERCEDES-BENZ GLA250 4Matic,2.0,4,AutoMan-7,4WD,Gasoline,small SUV,5,23,31,26,5,No
580,MERCEDES-BENZ GLC 300,2.0,4,Auto-9,2WD,Gasoline,small SUV,5,22,28,24,5,No
581,MERCEDES-BENZ GLC 300 4Matic,2.0,4,Auto-9,4WD,Gasoline,small SUV,5,21,28,24,5,No
582,MERCEDES-BENZ GLC 300 4Matic,2.0,4,Auto-9,4WD,Gasoline,small SUV,5,22,27,24,5,No
583,MERCEDES-BENZ GLE350,3.5,6,Auto-7,2WD,Gasoline,standard SUV,3,18,23,20,4,No
584,MERCEDES-BENZ GLE350 4Matic,3.5,6,Auto-7,4WD,Ethanol/Gas,standard SUV,3,13/18,17/22,14/19,3,No
585,MERCEDES-BENZ GLE350 4Matic,3.5,6,Auto-7,4WD,Gasoline,standard SUV,3,18,22,19,3,No
586,MERCEDES-BENZ GLS450 4Matic,3.0,6,Auto-9,4WD,Gasoline,standard SUV,3,17,22,19,3,No
587,MERCEDES-BENZ GLS550 4Matic,4.7,8,Auto-9,4WD,Gasoline,standard SUV,3,14,19,16,2,No
588,MERCEDES-BENZ S560 4Matic,4.0,8,Auto-9,4WD,Gasoline,large car,5,17,27,21,4,No
589,MERCEDES-BENZ S560 4Matic Maybach,4.0,8,Auto-9,4WD,Gasoline,large car,5,16,25,19,3,No
590,MERCEDES-BENZ SL550,4.7,8,Auto-9,2WD,Gasoline,small car,3,17,25,20,4,No
591,MERCEDES-BENZ SLC300,2.0,4,Auto-9,2WD,Gasoline,small car,3,25,32,27,6,No
592,MINI Cooper Clubman,1.5,3,Man-6,2WD,Gasoline,midsize car,7,24,34,28,6,No
593,MINI Cooper Clubman,1.5,3,SemiAuto-6,2WD,Gasoline,midsize car,7,24,32,27,6,No
594,MINI Cooper Clubman All4,1.5,3,Man-6,4WD,Gasoline,midsize car,3,22,32,26,5,No
595,MINI Cooper Clubman All4,1.5,3,SemiAuto-8,4WD,Gasoline,midsize car,3,23,31,26,5,No
596,MINI Cooper Convertible,1.5,3,Man-6,2WD,Gasoline,small car,7,28,37,32,7,Yes
597,MINI Cooper Convertible,1.5,3,SemiAuto-6,2WD,Gasoline,small car,7,27,35,30,7,Yes
598,MINI Cooper Countryman,1.5,3,Man-6,2WD,Gasoline,midsize car,3,24,34,28,6,No
599,MINI Cooper Countryman,1.5,3,SemiAuto-6,2WD,Gasoline,midsize car,3,24,32,27,6,No
600,MINI Cooper Countryman All4,1.5,3,Man-6,4WD,Gasoline,midsize car,3,22,32,26,5,No
601,MINI Cooper Countryman All4,1.5,3,SemiAuto-8,4WD,Gasoline,midsize car,3,23,30,25,5,No
602,MINI Cooper Hardtop,1.5,3,Man-6,2WD,Gasoline,small car,7,28,37,32,7,Yes
603,MINI Cooper Hardtop,1.5,3,Man-6,2WD,Gasoline,small car,7,28,38,32,7,Yes
604,MINI Cooper Hardtop,1.5,3,SemiAuto-6,2WD,Gasoline,small car,7,27,35,30,7,Yes
605,MINI Cooper S Clubman,2.0,4,Man-6,2WD,Gasoline,midsize car,7,22,31,25,5,No
606,MINI Cooper S Clubman,2.0,4,SemiAuto-8,2WD,Gasoline,midsize car,7,23,32,27,6,No
607,MINI Cooper S Clubman All4,2.0,4,Man-6,4WD,Gasoline,midsize car,7,21,30,24,5,No
608,MINI Cooper S Clubman All4,2.0,4,SemiAuto-8,4WD,Gasoline,midsize car,7,22,31,26,5,No
609,MINI Cooper S Convertible,2.0,4,Man-6,2WD,Gasoline,small car,7,23,32,26,5,No
610,MINI Cooper S Convertible,2.0,4,SemiAuto-6,2WD,Gasoline,small car,7,25,33,28,6,No
611,MINI Cooper S Countryman,2.0,4,SemiAuto-8,2WD,Gasoline,midsize car,7,23,32,27,6,No
612,MINI Cooper S Countryman All4,2.0,4,Man-6,4WD,Gasoline,midsize car,7,21,31,24,5,No
613,MINI Cooper S Countryman All4,2.0,4,SemiAuto-8,4WD,Gasoline,midsize car,7,22,31,26,5,No
614,MINI Cooper S Hardtop,2.0,4,Man-6,2WD,Gasoline,small car,7,23,32,26,5,No
615,MINI Cooper S Hardtop,2.0,4,SemiAuto-6,2WD,Gasoline,small car,7,25,32,28,6,No
616,MINI Cooper SE Countryman All4,1.5,3,SemiAuto-6,4WD,Gasoline/Electricity,midsize car,3,28/63,27/66,27/65,9,Yes
617,MINI JCW Countryman All4,2.0,4,Man-6,4WD,Gasoline,midsize car,3,20,29,24,5,No
618,MINI JCW Countryman All4,2.0,4,SemiAuto-8,4WD,Gasoline,midsize car,3,22,30,25,5,No
619,MINI John Cooper Works Clubman All4,2.0,4,Man-6,4WD,Gasoline,midsize car,3,21,31,24,5,No
620,MINI John Cooper Works Clubman All4,2.0,4,SemiAuto-8,4WD,Gasoline,midsize car,3,23,31,26,5,No
621,MINI John Cooper Works Convertible,2.0,4,Man-6,2WD,Gasoline,small car,3,22,31,25,5,No
622,MINI John Cooper Works Convertible,2.0,4,SemiAuto-6,2WD,Gasoline,small car,3,25,33,28,6,No
623,MINI John Cooper Works Hardtop,2.0,4,Man-6,2WD,Gasoline,small car,3,23,32,26,5,No
624,MINI John Cooper Works Hardtop,2.0,4,SemiAuto-6,2WD,Gasoline,small car,3,25,32,28,6,No
625,MITSUBISHI Mirage,1.2,3,CVT,2WD,Gasoline,small car,5,37,43,39,9,Yes
626,MITSUBISHI Mirage,1.2,3,Man-5,2WD,Gasoline,small car,5,33,41,36,8,Yes
627,MITSUBISHI Mirage G4,1.2,3,CVT,2WD,Gasoline,small car,5,35,41,37,8,Yes
628,MITSUBISHI Mirage G4,1.2,3,Man-5,2WD,Gasoline,small car,5,33,40,35,8,Yes
629,NISSAN 370Z,3.7,6,Man-6,2WD,Gasoline,small car,3,18,26,21,4,No
630,NISSAN 370Z,3.7,6,SemiAuto-7,2WD,Gasoline,small car,3,19,26,22,4,No
631,NISSAN 370Z Roadster,3.7,6,Man-6,2WD,Gasoline,small car,3,17,24,20,4,No
632,NISSAN 370Z Roadster,3.7,6,SemiAuto-7,2WD,Gasoline,small car,3,18,25,21,4,No
633,NISSAN Armada,5.6,8,SemiAuto-7,2WD,Gasoline,standard SUV,3,14,19,16,2,No
634,NISSAN Armada,5.6,8,SemiAuto-7,4WD,Gasoline,standard SUV,3,13,18,15,2,No
635,NISSAN Versa,1.6,4,Auto-4,2WD,Gasoline,small car,3,26,35,29,6,No
636,NISSAN Versa,1.6,4,CVT,2WD,Gasoline,small car,3,31,39,34,8,Yes
637,NISSAN Versa,1.6,4,CVT,2WD,Gasoline,small car,5,31,39,34,8,Yes
638,NISSAN Versa,1.6,4,Man-5,2WD,Gasoline,small car,3,27,36,30,7,Yes
639,NISSAN Versa,1.6,4,Man-5,2WD,Gasoline,small car,5,27,36,30,7,Yes
640,PORSCHE 911 Carrera,3.0,6,AMS-7,2WD,Gasoline,small car,1,22,30,25,5,No
641,PORSCHE 911 Carrera,3.0,6,Man-7,2WD,Gasoline,small car,1,20,29,23,5,No
642,PORSCHE 911 Carrera 4,3.0,6,AMS-7,4WD,Gasoline,small car,1,22,28,24,5,No
643,PORSCHE 911 Carrera 4,3.0,6,Man-7,4WD,Gasoline,small car,1,20,28,23,5,No
644,PORSCHE 911 Carrera 4 Cabriolet,3.0,6,AMS-7,4WD,Gasoline,small car,1,21,28,24,5,No
645,PORSCHE 911 Carrera 4 Cabriolet,3.0,6,Man-7,4WD,Gasoline,small car,1,19,28,22,4,No
646,PORSCHE 911 Carrera 4 GTS,3.0,6,AMS-7,4WD,Gasoline,small car,1,20,26,22,4,No
647,PORSCHE 911 Carrera 4 GTS,3.0,6,Man-7,4WD,Gasoline,small car,1,18,26,21,4,No
648,PORSCHE 911 Carrera 4 GTS Cabriolet,3.0,6,AMS-7,4WD,Gasoline,small car,1,20,25,22,4,No
649,PORSCHE 911 Carrera 4 GTS Cabriolet,3.0,6,Man-7,4WD,Gasoline,small car,1,18,26,21,4,No
650,PORSCHE 911 Carrera 4S,3.0,6,AMS-7,4WD,Gasoline,small car,1,21,28,24,5,No
651,PORSCHE 911 Carrera 4S,3.0,6,Man-7,4WD,Gasoline,small car,1,20,28,23,5,No
652,PORSCHE 911 Carrera 4S Cabriolet,3.0,6,AMS-7,4WD,Gasoline,small car,1,21,28,24,5,No
653,PORSCHE 911 Carrera 4S Cabriolet,3.0,6,Man-7,4WD,Gasoline,small car,1,19,28,22,4,No
654,PORSCHE 911 Carrera Cabriolet,3.0,6,AMS-7,2WD,Gasoline,small car,1,22,28,24,5,No
655,PORSCHE 911 Carrera Cabriolet,3.0,6,Man-7,2WD,Gasoline,small car,1,20,29,23,5,No
656,PORSCHE 911 Carrera GTS,3.0,6,AMS-7,2WD,Gasoline,small car,1,20,26,23,5,No
657,PORSCHE 911 Carrera GTS,3.0,6,Man-7,2WD,Gasoline,small car,1,18,26,21,4,No
658,PORSCHE 911 Carrera GTS Cabriolet,3.0,6,AMS-7,2WD,Gasoline,small car,1,20,26,22,4,No
659,PORSCHE 911 Carrera GTS Cabriolet,3.0,6,Man-7,2WD,Gasoline,small car,1,18,26,21,4,No
660,PORSCHE 911 Carrera S,3.0,6,AMS-7,2WD,Gasoline,small car,1,22,28,24,5,No
661,PORSCHE 911 Carrera S,3.0,6,Man-7,2WD,Gasoline,small car,1,20,29,23,5,No
662,PORSCHE 911 Carrera S Cabriolet,3.0,6,AMS-7,2WD,Gasoline,small car,1,22,28,24,5,No
663,PORSCHE 911 Carrera S Cabriolet,3.0,6,Man-7,2WD,Gasoline,small car,1,20,28,23,5,No
664,PORSCHE 911 Targa 4,3.0,6,AMS-7,4WD,Gasoline,small car,1,22,28,24,5,No
665,PORSCHE 911 Targa 4,3.0,6,Man-7,4WD,Gasoline,small car,1,19,28,22,4,No
666,PORSCHE 911 Targa 4 GTS,3.0,6,AMS-7,4WD,Gasoline,small car,1,20,26,22,4,No
667,PORSCHE 911 Targa 4 GTS,3.0,6,Man-7,4WD,Gasoline,small car,1,18,26,21,4,No
668,PORSCHE 911 Targa 4S,3.0,6,AMS-7,4WD,Gasoline,small car,1,21,27,24,5,No
669,PORSCHE 911 Targa 4S,3.0,6,Man-7,4WD,Gasoline,small car,1,19,28,22,4,No
670,PORSCHE 911 Turbo,3.8,6,AMS-7,4WD,Gasoline,small car,1,19,24,21,4,No
671,PORSCHE 911 Turbo Cabriolet,3.8,6,AMS-7,4WD,Gasoline,small car,1,19,24,21,4,No
672,PORSCHE 911 Turbo S,3.8,6,AMS-7,4WD,Gasoline,small car,1,19,24,21,4,No
673,PORSCHE 911 Turbo S Cabriolet,3.8,6,AMS-7,4WD,Gasoline,small car,1,19,24,21,4,No
674,PORSCHE Boxster,2.0,4,AMS-7,2WD,Gasoline,small car,3,22,29,25,5,No
675,PORSCHE Boxster,2.0,4,Man-6,2WD,Gasoline,small car,3,21,28,24,5,No
676,PORSCHE Boxster S,2.5,4,AMS-7,2WD,Gasoline,small car,3,21,28,24,5,No
677,PORSCHE Boxster S,2.5,4,Man-6,2WD,Gasoline,small car,3,20,26,22,4,No
678,PORSCHE Cayenne GTS,3.6,6,SemiAuto-8,4WD,Gasoline,standard SUV,3,16,23,19,3,No
679,PORSCHE Cayenne S,3.6,6,SemiAuto-8,4WD,Gasoline,standard SUV,3,17,24,20,4,No
680,PORSCHE Macan,2.0,4,AMS-7,4WD,Gasoline,small SUV,3,20,25,22,4,No
681,PORSCHE Macan GTS,3.0,6,AMS-7,4WD,Gasoline,small SUV,3,17,23,19,3,No
682,PORSCHE Macan S,3.0,6,AMS-7,4WD,Gasoline,small SUV,3,17,23,19,3,No
683,PORSCHE Panamera,3.0,6,AMS-8,2WD,Gasoline,large car,5,21,28,24,5,No
684,PORSCHE Panamera 4,3.0,6,AMS-8,4WD,Gasoline,large car,5,21,27,23,5,No
685,PORSCHE Panamera 4 Executive,3.0,6,AMS-8,4WD,Gasoline,large car,5,21,27,23,5,No
686,PORSCHE Panamera 4S,2.9,6,AMS-8,4WD,Gasoline,large car,5,21,28,23,5,No
687,PORSCHE Panamera 4S Executive,2.9,6,AMS-8,4WD,Gasoline,large car,5,21,28,23,5,No
688,PORSCHE Panamera Turbo,4.0,8,AMS-8,4WD,Gasoline,large car,3,18,25,21,4,No
689,PORSCHE Panamera Turbo Executive,4.0,8,AMS-8,4WD,Gasoline,large car,3,18,25,21,4,No
690,RAM 1500,5.7,8,Auto-6,4WD,Gasoline,pickup,3,13,18,14,1,No
691,RAM 1500,5.7,8,Auto-8,2WD,Gasoline,pickup,3,15,22,17,3,No
692,RAM 1500,5.7,8,Auto-8,4WD,Gasoline,pickup,3,15,21,17,3,No
693,RAM Promaster City,2.4,4,Auto-9,2WD,Gasoline,special purpose,3,21,28,24,5,No
694,SUBARU Crosstrek,2.0,4,Man-6,4WD,Gasoline,small SUV,7,23,29,25,5,No
695,SUBARU Crosstrek,2.0,4,SCV-7,4WD,Gasoline,small SUV,7,27,33,29,6,No
696,SUBARU Forester,2.0,4,SCV-8,4WD,Gasoline,small SUV,1,23,27,25,5,No
697,SUBARU Forester,2.5,4,Man-6,4WD,Gasoline,small SUV,7,22,28,24,5,No
698,SUBARU Forester,2.5,4,SCV-6,4WD,Gasoline,small SUV,7,26,32,28,6,No
699,SUBARU Impreza,2.0,4,Man-5,4WD,Gasoline,midsize car,7,24,32,27,6,No
700,SUBARU Impreza,2.0,4,Man-5,4WD,Gasoline,station wagon,7,24,31,26,5,No
701,SUBARU Impreza,2.0,4,SCV-7,4WD,Gasoline,midsize car,7,28,38,32,7,Yes
702,SUBARU Impreza,2.0,4,SCV-7,4WD,Gasoline,station wagon,7,28,37,31,7,Yes
703,SUBARU Impreza Sport,2.0,4,Man-5,4WD,Gasoline,midsize car,7,23,31,26,5,No
704,SUBARU Impreza Sport,2.0,4,Man-5,4WD,Gasoline,station wagon,7,22,30,25,5,No
705,SUBARU Impreza Sport,2.0,4,SCV-7,4WD,Gasoline,midsize car,7,27,36,30,7,Yes
706,SUBARU Impreza Sport,2.0,4,SCV-7,4WD,Gasoline,station wagon,7,27,35,30,7,Yes
707,SUBARU Legacy,2.5,4,SCV-7,4WD,Gasoline,midsize car,7,25,34,29,6,No
708,SUBARU Legacy,3.6,6,SCV-6,4WD,Gasoline,midsize car,3,20,28,23,5,No
709,SUBARU Outback,2.5,4,SCV-7,4WD,Gasoline,small SUV,7,25,32,28,6,No
710,SUBARU Outback,3.6,6,SCV-6,4WD,Gasoline,small SUV,3,20,27,22,4,No
711,SUBARU WRX,2.0,4,Man-6,4WD,Gasoline,small car,1,21,27,23,5,No
712,SUBARU WRX,2.0,4,SCV-8,4WD,Gasoline,small car,1,18,24,21,4,No
713,SUBARU WRX,2.5,4,Man-6,4WD,Gasoline,small car,1,17,22,19,3,No
714,TOYOTA 4Runner,4.0,6,SemiAuto-5,2WD,Gasoline,standard SUV,3,17,21,18,3,No
715,TOYOTA 4Runner,4.0,6,SemiAuto-5,4WD,Gasoline,standard SUV,3,17,20,18,3,No
716,TOYOTA Avalon,3.5,6,SemiAuto-6,2WD,Gasoline,midsize car,3,21,30,24,5,No
717,TOYOTA Avalon Hybrid,2.5,4,SCV-6,2WD,Gasoline,midsize car,7,40,39,40,9,Yes
718,TOYOTA C-HR,2.0,4,SCV-7,2WD,Gasoline,small car,3,27,31,29,6,No
719,TOYOTA Camry,2.5,4,SemiAuto-8,2WD,Gasoline,midsize car,7,29,41,34,8,Yes
720,TOYOTA Camry,3.5,6,SemiAuto-8,2WD,Gasoline,midsize car,5,22,33,26,5,No
721,TOYOTA Camry Hybrid LE,2.5,4,SCV-6,2WD,Gasoline,midsize car,7,51,53,52,10,Elite
722,TOYOTA Camry Hybrid XLE/SE,2.5,4,SCV-6,2WD,Gasoline,midsize car,7,44,47,46,10,Elite
723,TOYOTA Camry LE/SE,2.5,4,SemiAuto-8,2WD,Gasoline,midsize car,7,28,39,32,7,Yes
724,TOYOTA Camry XLE/XSE,2.5,4,SemiAuto-8,2WD,Gasoline,midsize car,7,28,39,32,7,Yes
725,TOYOTA Camry XSE,3.5,6,SemiAuto-8,2WD,Gasoline,midsize car,5,22,32,26,5,No
726,TOYOTA Corolla,1.8,4,CVT,2WD,Gasoline,midsize car,3,28,36,32,7,Yes
727,TOYOTA Corolla,1.8,4,Man-6,2WD,Gasoline,midsize car,3,27,35,30,7,Yes
728,TOYOTA Corolla,1.8,4,SCV-7,2WD,Gasoline,midsize car,3,28,35,31,7,Yes
729,TOYOTA Corolla LE Eco,1.8,4,CVT,2WD,Gasoline,midsize car,5,29,38,33,8,Yes
730,TOYOTA Corolla LE Eco,1.8,4,CVT,2WD,Gasoline,midsize car,5,30,40,34,8,Yes
731,TOYOTA Corolla iM,1.8,4,Man-6,2WD,Gasoline,midsize car,5,27,35,30,7,Yes
732,TOYOTA Corolla iM,1.8,4,SCV-7,2WD,Gasoline,midsize car,5,28,36,31,7,Yes
733,TOYOTA Land Cruiser,5.7,8,SemiAuto-8,4WD,Gasoline,standard SUV,3,13,18,15,2,No
734,TOYOTA Prius c,1.5,4,CVT,2WD,Gasoline,small car,7,48,43,46,10,Elite
735,TOYOTA RAV4,2.5,4,SemiAuto-6,2WD,Gasoline,small SUV,3,23,29,25,5,No
736,TOYOTA RAV4,2.5,4,SemiAuto-6,4WD,Gasoline,small SUV,3,22,28,25,5,No
737,TOYOTA RAV4 Hybrid,2.5,4,SCV-6,4WD,Gasoline,small SUV,7,34,30,32,7,Yes
738,TOYOTA RAV4 LE/XLE,2.5,4,SemiAuto-6,2WD,Gasoline,small SUV,3,23,30,26,5,No
739,TOYOTA RAV4 Limited,2.5,4,SemiAuto-6,4WD,Gasoline,small SUV,3,22,28,24,5,No
740,TOYOTA Sequoia,5.7,8,SemiAuto-6,2WD,Gasoline,standard SUV,5,13,17,15,2,No
741,TOYOTA Sequoia,5.7,8,SemiAuto-6,4WD,Gasoline,standard SUV,5,13,17,14,1,No
742,TOYOTA Sequoia FFV,5.7,8,SemiAuto-6,4WD,Ethanol/Gas,standard SUV,5,9/13,13/17,10/14,1,No
743,TOYOTA Tundra,4.6,8,SemiAuto-6,2WD,Gasoline,pickup,3,15,19,16,2,No
744,TOYOTA Tundra,4.6,8,SemiAuto-6,4WD,Gasoline,pickup,3,14,18,16,2,No
745,TOYOTA Tundra,5.7,8,SemiAuto-6,2WD,Gasoline,pickup,5,13,18,15,2,No
746,TOYOTA Tundra,5.7,8,SemiAuto-6,4WD,Gasoline,pickup,5,13,17,14,1,No
747,TOYOTA Tundra FFV,5.7,8,SemiAuto-6,4WD,Ethanol/Gas,pickup,5,9/13,12/17,10/15,2,No
748,TOYOTA Yaris,1.5,4,Auto-4,2WD,Gasoline,small car,3,30,35,32,7,Yes
749,TOYOTA Yaris,1.5,4,Man-5,2WD,Gasoline,small car,3,30,36,33,8,Yes
750,VOLKSWAGEN Beetle,2.0,4,SemiAuto-6,2WD,Gasoline,small car,7,26,33,29,6,No
751,VOLKSWAGEN Beetle Convertible,2.0,4,SemiAuto-6,2WD,Gasoline,small car,7,26,33,29,6,No
752,VOLKSWAGEN Beetle Dune,2.0,4,SemiAuto-6,2WD,Gasoline,small car,7,26,34,29,6,No
753,VOLKSWAGEN Beetle Dune Convertible,2.0,4,SemiAuto-6,2WD,Gasoline,small car,7,26,34,29,6,No
754,VOLKSWAGEN Golf R,2.0,4,AMS-7,4WD,Gasoline,small car,3,22,29,25,5,No
755,VOLKSWAGEN Golf R,2.0,4,Man-6,4WD,Gasoline,small car,3,21,29,24,5,No
756,VOLKSWAGEN Jetta,1.4,4,Man-5,2WD,Gasoline,small car,3,28,40,33,8,Yes
757,VOLKSWAGEN Jetta,1.4,4,SemiAuto-6,2WD,Gasoline,small car,5,28,38,32,7,Yes
758,VOLKSWAGEN Jetta,1.8,4,SemiAuto-6,2WD,Gasoline,small car,7,24,33,28,6,No
759,VOLKSWAGEN Jetta,2.0,4,AMS-6,2WD,Gasoline,small car,7,24,33,27,6,No
760,VOLKSWAGEN Passat,2.0,4,SemiAuto-6,2WD,Gasoline,midsize car,7,25,36,29,6,No
761,VOLKSWAGEN Tiguan,2.0,4,SemiAuto-8,2WD,Gasoline,small SUV,7,22,27,24,5,No
762,VOLKSWAGEN Tiguan 4Motion,2.0,4,SemiAuto-8,4WD,Gasoline,small SUV,7,21,27,23,5,No
763,VOLVO Atlas,3.6,6,SemiAuto-8,2WD,Gasoline,small SUV,5,18,25,20,4,No
764,VOLVO Atlas 4Motion,3.6,6,SemiAuto-8,4WD,Gasoline,small SUV,5,17,23,19,3,No
765,VOLVO S60,2.0,4,SemiAuto-8,2WD,Gasoline,small car,7,25,36,29,6,No
766,VOLVO S60,2.0,4,SemiAuto-8,4WD,Gasoline,small car,3,22,32,26,5,No
767,VOLVO S60,2.0,4,SemiAuto-8,4WD,Gasoline,small car,3,22,33,26,5,No
768,VOLVO S60 CC,2.0,4,SemiAuto-8,4WD,Gasoline,small car,3,22,30,25,5,No
769,VOLVO S60 Inscription,2.0,4,SemiAuto-8,2WD,Gasoline,small car,3,25,36,29,6,No
770,VOLVO S60 Inscription,2.0,4,SemiAuto-8,4WD,Gasoline,small car,3,22,33,26,5,No
771,VOLVO S60 Polestar,2.0,4,SemiAuto-8,4WD,Gasoline,small car,1,20,27,22,4,No
772,VOLVO S90,2.0,4,SemiAuto-8,2WD,Gasoline,midsize car,3,24,34,27,6,No
773,VOLVO S90,2.0,4,SemiAuto-8,4WD,Gasoline,midsize car,3,22,31,25,5,No
774,VOLVO S90,2.0,4,SemiAuto-8,4WD,Gasoline,midsize car,3,23,32,26,5,No
775,VOLVO S90,2.0,4,SemiAuto-8,4WD,Gasoline,midsize car,5,23,32,26,5,No
776,VOLVO S90,2.0,4,SemiAuto-8,4WD,Gasoline,midsize car,5,22,31,25,5,No
777,VOLVO S90,2.0,4,SemiAuto-8,4WD,Gasoline/Electricity,midsize car,7,26/70,33/72,29/71,10,Elite
778,VOLVO V60,2.0,4,SemiAuto-8,2WD,Gasoline,station wagon,3,25,36,29,6,No
779,VOLVO V60,2.0,4,SemiAuto-8,4WD,Gasoline,station wagon,3,22,32,26,5,No
780,VOLVO V60,2.0,4,SemiAuto-8,4WD,Gasoline,station wagon,3,22,33,26,5,No
781,VOLVO V60 CC,2.0,4,SemiAuto-8,4WD,Gasoline,station wagon,3,22,30,25,5,No
782,VOLVO V60 Polestar,2.0,4,SemiAuto-8,4WD,Gasoline,station wagon,1,20,27,22,4,No
783,VOLVO V90,2.0,4,SemiAuto-8,2WD,Gasoline,station wagon,5,24,34,27,6,No
784,VOLVO V90,2.0,4,SemiAuto-8,4WD,Gasoline,station wagon,5,22,31,25,5,No
785,VOLVO V90 CC,2.0,4,SemiAuto-8,4WD,Gasoline,station wagon,5,23,31,26,5,No
786,VOLVO V90 CC,2.0,4,SemiAuto-8,4WD,Gasoline,station wagon,5,22,29,25,5,No
787,VOLVO XC 60,2.0,4,SemiAuto-8,4WD,Gasoline,small SUV,5,22,28,24,5,No
788,VOLVO XC 60,2.0,4,SemiAuto-8,4WD,Gasoline,small SUV,5,21,27,23,5,No
789,VOLVO XC 60,2.0,4,SemiAuto-8,4WD,Gasoline/Electricity,small SUV,7,26/60,28/58,26/59,10,Elite
790,VOLVO XC 90,2.0,4,SemiAuto-8,2WD,Gasoline,standard SUV,5,22,29,25,5,No
791,VOLVO XC 90,2.0,4,SemiAuto-8,4WD,Gasoline,standard SUV,5,22,28,24,5,No
792,VOLVO XC 90,2.0,4,SemiAuto-8,4WD,Gasoline,standard SUV,5,20,27,23,5,No
793,VOLVO XC 90,2.0,4,SemiAuto-8,4WD,Gasoline/Electricity,standard SUV,7,26/63,30/61,27/62,10,Elite
